-- phpMyAdmin SQL Dump
-- version 4.7.4
-- https://www.phpmyadmin.net/
--
-- Host: 127.0.0.1
-- Generation Time: Mar 14, 2018 at 01:49 PM
-- Server version: 10.1.30-MariaDB
-- PHP Version: 7.2.1

SET SQL_MODE = "NO_AUTO_VALUE_ON_ZERO";
SET AUTOCOMMIT = 0;
START TRANSACTION;
SET time_zone = "+00:00";


/*!40101 SET @OLD_CHARACTER_SET_CLIENT=@@CHARACTER_SET_CLIENT */;
/*!40101 SET @OLD_CHARACTER_SET_RESULTS=@@CHARACTER_SET_RESULTS */;
/*!40101 SET @OLD_COLLATION_CONNECTION=@@COLLATION_CONNECTION */;
/*!40101 SET NAMES utf8mb4 */;

--
-- Database: `bdtutorail`
--

-- --------------------------------------------------------

--
-- Table structure for table `districts`
--

CREATE TABLE `districts` (
  `district_id` int(10) UNSIGNED NOT NULL,
  `division_id` int(11) NOT NULL,
  `districtName` varchar(100) COLLATE utf8mb4_unicode_ci NOT NULL,
  `created_at` timestamp NULL DEFAULT NULL,
  `updated_at` timestamp NULL DEFAULT NULL
) ENGINE=InnoDB DEFAULT CHARSET=utf8mb4 COLLATE=utf8mb4_unicode_ci;

--
-- Dumping data for table `districts`
--

INSERT INTO `districts` (`district_id`, `division_id`, `districtName`, `created_at`, `updated_at`) VALUES
(1, 1, ' Dhaka City-ঢাকা সিটি', '2018-01-30 01:21:13', '2018-01-30 01:21:13'),
(2, 1, ' Faridpur-ফরিদপুর', '2018-01-30 01:21:13', '2018-01-30 01:21:13'),
(3, 1, ' Gazipur-গাজিপুর ', '2018-01-30 01:21:13', '2018-01-30 01:21:13'),
(4, 1, ' Gopalganj-গোপারগঞ্জ ', '2018-01-30 01:21:13', '2018-01-30 01:21:13'),
(5, 1, ' Jamalpur-জামালপুর ', '2018-01-30 01:21:13', '2018-01-30 01:21:13'),
(6, 1, ' Kishoreganj-কিশোরগঞ্জ ', '2018-01-30 01:21:13', '2018-01-30 01:21:13'),
(7, 1, ' Madaripur-মাদারিপুর ', '2018-01-30 01:21:13', '2018-01-30 01:21:13'),
(8, 1, ' Manikganj-মানিকগঞ্জ ', '2018-01-30 01:21:13', '2018-01-30 01:21:13'),
(9, 1, ' Munshiganj-মুন্সিগঞ্জ ', '2018-01-30 01:21:13', '2018-01-30 01:21:13'),
(10, 1, ' Mymensingh-ময়মনসিংহ ', '2018-01-30 01:21:13', '2018-01-30 01:21:13'),
(11, 1, ' Narayanganj-নারায়নগঞ্জ ', '2018-01-30 01:21:13', '2018-01-30 01:21:13'),
(12, 1, ' Narsingdi-নরসিংদি ', '2018-01-30 01:21:13', '2018-01-30 01:21:13'),
(13, 1, ' Netrakona-নেত্রোকোনা ', '2018-01-30 01:21:13', '2018-01-30 01:21:13'),
(14, 1, ' Rajbari-রাজবাড়ি ', '2018-01-30 01:21:13', '2018-01-30 01:21:13'),
(15, 1, ' Shariatpur-শরিয়তপুর', '2018-01-30 01:21:13', '2018-01-30 01:21:13'),
(16, 1, ' Sherpur-শেরপুর ', '2018-01-30 01:21:13', '2018-01-30 01:21:13'),
(17, 1, ' Tangail-টাঙ্গাইল', '2018-01-30 01:21:13', '2018-01-30 01:21:13'),
(18, 1, ' Dhamrai-ধামরাই ', '2018-01-30 01:21:13', '2018-01-30 01:21:13'),
(19, 1, ' Dohar-দোহার ', '2018-01-30 01:21:13', '2018-01-30 01:21:13'),
(20, 1, ' Keraniganj-কেরানীগঞ্জ', '2018-01-30 01:21:13', '2018-01-30 01:21:13'),
(21, 1, ' Nawabganj-নওয়াবগঞ্জ', '2018-01-30 01:21:13', '2018-01-30 01:21:13'),
(22, 1, ' Savar-সাভার', '2018-01-30 01:21:13', '2018-01-30 01:21:13'),
(23, 2, ' Barisal City-বরিশাল সিটি ', '2018-01-30 01:21:13', '2018-01-30 01:21:13'),
(24, 2, ' Barguna-বরগুনা ', '2018-01-30 01:21:13', '2018-01-30 01:21:13'),
(25, 2, ' Bhola-ভোলা ', '2018-01-30 01:21:13', '2018-01-30 01:21:13'),
(26, 2, ' Jhalokati-ঝালকাঠি ', '2018-01-30 01:21:13', '2018-01-30 01:21:13'),
(27, 2, ' Patuakhali-পটুয়াখালী ', '2018-01-30 01:21:13', '2018-01-30 01:21:13'),
(28, 2, ' Pirojpur-পিরোজপুর ', '2018-01-30 01:21:13', '2018-01-30 01:21:13'),
(29, 3, ' Chittagong City-চট্টগ্রাম সিটি ', '2018-01-30 01:21:13', '2018-01-30 01:21:13'),
(30, 3, ' Bandarban-বান্দরবন ', '2018-01-30 01:21:13', '2018-01-30 01:21:13'),
(31, 3, ' Brahmanbaria-ব্রামনবাড়ীয়া ', '2018-01-30 01:21:13', '2018-01-30 01:21:13'),
(32, 3, ' Chandpur-চাঁদপুর ', '2018-01-30 01:21:13', '2018-01-30 01:21:13'),
(33, 3, ' Comilla-কুমিল্লা্ ', '2018-01-30 01:21:13', '2018-01-30 01:21:13'),
(34, 3, ' Coxs Bazar-কক্সবাজার ', '2018-01-30 01:21:13', '2018-01-30 01:21:13'),
(35, 3, ' Feni-ফেনী ', '2018-01-30 01:21:13', '2018-01-30 01:21:13'),
(36, 3, ' Khagrachhari-খাগরাছরী ', '2018-01-30 01:21:13', '2018-01-30 01:21:13'),
(37, 3, ' Lakshmipur-লক্ষীপুর ', '2018-01-30 01:21:13', '2018-01-30 01:21:13'),
(38, 3, ' Noakhali-নোয়াখালী ', '2018-01-30 01:21:13', '2018-01-30 01:21:13'),
(39, 3, ' Rangamati-রাঙ্গামাটি ', '2018-01-30 01:21:13', '2018-01-30 01:21:13'),
(40, 4, ' Rajshahi City-রাজশাহী সিটি ', '2018-01-30 01:21:13', '2018-01-30 01:21:13'),
(41, 4, ' Bogra-বগুড়া ', '2018-01-30 01:21:13', '2018-01-30 01:21:13'),
(42, 4, ' Joypurhat-জয়পুরহাট ', '2018-01-30 01:21:13', '2018-01-30 01:21:13'),
(43, 4, ' Naogaon-নওগা ', '2018-01-30 01:21:13', '2018-01-30 01:21:13'),
(44, 4, ' Natore-নাটোর ', '2018-01-30 01:21:13', '2018-01-30 01:21:13'),
(45, 4, ' Nawabganj-নওয়াবগঞ্জ ', '2018-01-30 01:21:13', '2018-01-30 01:21:13'),
(46, 4, ' Pabna-পাবনা ', '2018-01-30 01:21:13', '2018-01-30 01:21:13'),
(47, 4, ' Sirajganj-সিরাজগঞ্জ ', '2018-01-30 01:21:13', '2018-01-30 01:21:13'),
(48, 5, ' Sylhet City-সিলেট সিটি', '2018-01-30 01:21:13', '2018-01-30 01:21:13'),
(49, 5, ' Habiganj-হবিগঞ্জ ', '2018-01-30 01:21:13', '2018-01-30 01:21:13'),
(50, 5, ' Moulvibazar-মওলবিবাজার ', '2018-01-30 01:21:13', '2018-01-30 01:21:13'),
(51, 5, ' Sunamganj-সুনামগঞ্জ ', '2018-01-30 01:21:13', '2018-01-30 01:21:13'),
(52, 6, ' Rangpur City-রংপুরসিটি ', '2018-01-30 01:21:13', '2018-01-30 01:21:13'),
(53, 6, ' Dinajpur-দিনাজপুর ', '2018-01-30 01:21:13', '2018-01-30 01:21:13'),
(54, 6, ' Gaibandha-গাইবান্ধা ', '2018-01-30 01:21:13', '2018-01-30 01:21:13'),
(55, 6, ' Kurigram-কুরিগ্রমি ', '2018-01-30 01:21:13', '2018-01-30 01:21:13'),
(56, 6, ' Lalmonirhat-লালমনিরহাট ', '2018-01-30 01:21:13', '2018-01-30 01:21:13'),
(57, 6, ' Nilphamari-নীলফামারী ', '2018-01-30 01:21:13', '2018-01-30 01:21:13'),
(58, 6, ' Panchagarh-পঞ্চগড় ', '2018-01-30 01:21:13', '2018-01-30 01:21:13'),
(59, 6, ' Thakurgaon-ঠাকুরগাঁ ', '2018-01-30 01:21:13', '2018-01-30 01:21:13'),
(60, 7, ' Khulna City-খুলনা সিটি ', '2018-01-30 01:21:13', '2018-01-30 01:21:13'),
(61, 7, ' Bagerhat-বাগেরহাট ', '2018-01-30 01:21:13', '2018-01-30 01:21:13'),
(62, 7, ' Chuadanga-চুয়াড়াঙ্গা ', '2018-01-30 01:21:13', '2018-01-30 01:21:13'),
(63, 7, ' Jessore-জশোর ', '2018-01-30 01:21:13', '2018-01-30 01:21:13'),
(64, 7, ' Jhenaidah-ঝিনাইদহ ', '2018-01-30 01:21:13', '2018-01-30 01:21:13'),
(65, 7, ' Kushtia-কুষ্ঠিয়া ', '2018-01-30 01:21:13', '2018-01-30 01:21:13'),
(66, 7, ' Magura-মাগুরা ', '2018-01-30 01:21:13', '2018-01-30 01:21:13'),
(67, 7, ' Meherpur-মেহেরপুর ', '2018-01-30 01:21:13', '2018-01-30 01:21:13'),
(68, 7, ' Narail-নরাইল ', '2018-01-30 01:21:13', '2018-01-30 01:21:13'),
(69, 7, ' Satkhira-সাতকিরা ', '2018-01-30 01:21:13', '2018-01-30 01:21:13');

-- --------------------------------------------------------

--
-- Table structure for table `divisions`
--

CREATE TABLE `divisions` (
  `division_id` int(10) UNSIGNED NOT NULL,
  `divisionName` varchar(191) COLLATE utf8mb4_unicode_ci NOT NULL,
  `created_at` timestamp NULL DEFAULT NULL,
  `updated_at` timestamp NULL DEFAULT NULL
) ENGINE=InnoDB DEFAULT CHARSET=utf8mb4 COLLATE=utf8mb4_unicode_ci;

--
-- Dumping data for table `divisions`
--

INSERT INTO `divisions` (`division_id`, `divisionName`, `created_at`, `updated_at`) VALUES
(1, 'Dhaka-ঢাকা', '2018-01-30 01:21:13', '2018-01-30 01:21:13'),
(2, 'Barisal-বরিশাল', '2018-01-30 01:21:13', '2018-01-30 01:21:13'),
(3, 'Chittagong-চট্টগ্রাম', '2018-01-30 01:21:13', '2018-01-30 01:21:13'),
(4, 'Rajshahi-রাজশাহী', '2018-01-30 01:21:13', '2018-01-30 01:21:13'),
(5, 'Sylhet-সিলেট', '2018-01-30 01:21:13', '2018-01-30 01:21:13'),
(6, 'Rangpur-রংপুর', '2018-01-30 01:21:13', '2018-01-30 01:21:13'),
(7, 'Khulna-খুলনা', '2018-01-30 01:21:13', '2018-01-30 01:21:13');

-- --------------------------------------------------------

--
-- Table structure for table `galleries`
--

CREATE TABLE `galleries` (
  `id` int(10) UNSIGNED NOT NULL,
  `division_id` int(11) NOT NULL,
  `district_id` int(11) NOT NULL,
  `subdist_id` int(11) NOT NULL,
  `title` varchar(191) COLLATE utf8mb4_unicode_ci NOT NULL,
  `author` varchar(191) COLLATE utf8mb4_unicode_ci NOT NULL,
  `image` varchar(191) COLLATE utf8mb4_unicode_ci NOT NULL,
  `status` enum('active','inactive','suspended') COLLATE utf8mb4_unicode_ci NOT NULL DEFAULT 'active',
  `description` text COLLATE utf8mb4_unicode_ci NOT NULL,
  `created_at` timestamp NULL DEFAULT NULL,
  `updated_at` timestamp NULL DEFAULT NULL
) ENGINE=InnoDB DEFAULT CHARSET=utf8mb4 COLLATE=utf8mb4_unicode_ci;

--
-- Dumping data for table `galleries`
--

INSERT INTO `galleries` (`id`, `division_id`, `district_id`, `subdist_id`, `title`, `author`, `image`, `status`, `description`, `created_at`, `updated_at`) VALUES
(1, 1, 1, 6, 'Lalbag Kella', 'Hafizur Rahman', 'upload/gallery/yT5D90VzfQtTbDKloxPw.jpg', 'active', '<p><em>Lalbagh Fort</em>&nbsp;is the most popular and renowned&nbsp;<em>fort</em>&nbsp;and a great signature of art by Mughal Empire in Bangladesh.<wbr />... It is located in&nbsp;<em>Lalbagh</em>&nbsp;of old Dhaka, hence named so.<wbr />... Ahsan Manzil (Pink Palace): History, Visiting Hours, and Entry Fees.</p>', '2018-01-30 05:07:20', '2018-03-07 05:25:49'),
(3, 4, 44, 392, 'Natore Rajbari', 'Hafizur Rahman', 'upload/gallery/eLGlYzfbsquOcd0A8DqS.jpg', 'inactive', '<p><strong><em>Natore Rajbari</em>&nbsp;</strong>was a prominent royal palace in Natore, Bangladesh. It was the residence and seat of the Rajshahi Raj family of zamindars. Famous queen Rani Bhabani lived here and after the death of her husband, expanded both the estate and the palace</p>', '2018-01-30 05:30:18', '2018-02-04 18:03:18'),
(4, 3, 33, 269, 'Shalban Vihara', 'Hafizur Rahman', 'upload/gallery/kJ7f6AESDITjc7PutIqC.jpg', 'inactive', '<p><strong>Shalban vihara</strong>&nbsp;(<a title=\"Sanskrit\" href=\"https://en.wikipedia.org/wiki/Sanskrit\">Sanskrit</a>;&nbsp;<a title=\"Bengali language\" href=\"https://en.wikipedia.org/wiki/Bengali_language\">Bengali</a>:&nbsp;<span lang=\"bn\" xml:lang=\"bn\">শালবন বিহার</span>&nbsp;<em>Shalban Bihar</em>) is an archaeological site in Mainamati,&nbsp;<a title=\"Comilla District\" href=\"https://en.wikipedia.org/wiki/Comilla_District\">Comilla</a>,&nbsp;<a title=\"Bangladesh\" href=\"https://en.wikipedia.org/wiki/Bangladesh\">Bangladesh</a>.<sup id=\"cite_ref-Banglapedia_1-0\" class=\"reference\"><a href=\"https://en.wikipedia.org/wiki/Shalban_Vihara#cite_note-Banglapedia-1\">[1]</a></sup>&nbsp;The ruins are in the middle of the Lalmai hills ridge, and these are of a 7th century Paharpur-style&nbsp;<a class=\"mw-redirect\" title=\"Buddhist\" href=\"https://en.wikipedia.org/wiki/Buddhist\">Buddhist</a>&nbsp;<a title=\"Vihara\" href=\"https://en.wikipedia.org/wiki/Vihara\">viharas</a>&nbsp;with about 100 cells for monks. It operated through the 12th century.</p>', '2018-02-03 00:57:38', '2018-02-03 00:57:38'),
(5, 4, 40, 328, 'Puthia Rajbari ', 'Akram Hossain', 'upload/gallery/gkzEd841GEBMF8stGjN1.jpg', 'active', '<p><strong>Puthia Rajbari</strong>&nbsp;is a palace in&nbsp;<a title=\"Puthia Upazila\" href=\"https://en.wikipedia.org/wiki/Puthia_Upazila\">Puthia Upazila</a>, in&nbsp;<a title=\"Bangladesh\" href=\"https://en.wikipedia.org/wiki/Bangladesh\">Bangladesh</a>, built in 1895, for&nbsp;<a title=\"Hemanta Kumari Debi\" href=\"https://en.wikipedia.org/wiki/Hemanta_Kumari_Debi\">Rani Hemanta Kumari</a>, it is an example of&nbsp;<a title=\"Indo-Saracenic Revival architecture\" href=\"https://en.wikipedia.org/wiki/Indo-Saracenic_Revival_architecture\">Indo-Saracenic Revival architecture</a>. The palace is sited on the&nbsp;<a title=\"Rajshahi\" href=\"https://en.wikipedia.org/wiki/Rajshahi\">Rajshahi</a>&nbsp;Nator highway 30&nbsp;km from the east of the town and one km south from Rajshahi Nator highway. It is currently used by Lashkarpur Degree College but is in a poor state of repair.</p>', '2018-02-03 02:34:05', '2018-02-03 02:34:05'),
(6, 5, 50, 442, 'Sylhet Tea Garden', 'Tanvir Azad', 'upload/gallery/ZSXvTKmFhffBQ5TuvdbJ.jpg', 'active', '<p><strong>Sylhet Tea Garden,</strong>&nbsp;Tea Industry about to 1840 when a pioneer tea garden in Bangladesh was first situated up on the slopes of the slants in Chittagong.</p>', '2018-02-03 04:00:12', '2018-02-03 04:00:12'),
(7, 3, 34, 276, 'Cox\'s Bazar', 'Abdul Hamid', 'upload/gallery/LYLQv20Jsq1lPypUny5k.jpg', 'active', '<p><span class=\"st\"><em>Cox\'s Bazar</em> is a city, fishing port, tourism centre and district headquarters in Bangladesh. The beach in <em>Cox\'s Bazar</em> is sandy and has a gentle slope; with a unbroken length of 155 km (96 mi), it is the longest natural sea beach in the world<wbr /></span></p>', '2018-02-07 22:12:49', '2018-02-07 22:12:49'),
(10, 4, 43, 378, 'Baitul Mukarram', 'Hafizur Rahman', 'upload/gallery/8x4sOMumekuMl6oZVVUd.jpg', 'active', '<p>Baitul Mukarram, also spelled as Baytul Mukarrom is the national mosque of Bangladesh. Located at the center of Dhaka, capital of Bangladesh, the mosque was completed in 1968</p>', '2018-02-10 03:40:13', '2018-02-10 03:40:13');

-- --------------------------------------------------------

--
-- Table structure for table `ip_list`
--

CREATE TABLE `ip_list` (
  `id` int(10) UNSIGNED NOT NULL,
  `ip` varchar(255) COLLATE utf8mb4_unicode_ci NOT NULL,
  `attempt` varchar(191) COLLATE utf8mb4_unicode_ci NOT NULL DEFAULT '0',
  `last_attempt` varchar(191) COLLATE utf8mb4_unicode_ci DEFAULT NULL,
  `total_short_time_attempt` varchar(191) COLLATE utf8mb4_unicode_ci NOT NULL DEFAULT '0',
  `status` enum('Active','Blocked') COLLATE utf8mb4_unicode_ci NOT NULL,
  `created_at` timestamp NULL DEFAULT NULL,
  `updated_at` timestamp NULL DEFAULT NULL
) ENGINE=InnoDB DEFAULT CHARSET=utf8mb4 COLLATE=utf8mb4_unicode_ci;

--
-- Dumping data for table `ip_list`
--

INSERT INTO `ip_list` (`id`, `ip`, `attempt`, `last_attempt`, `total_short_time_attempt`, `status`, `created_at`, `updated_at`) VALUES
(1, '::1', '1', '1517202544', '0', 'Active', '2018-01-28 23:09:04', '2018-01-28 23:09:04');

-- --------------------------------------------------------

--
-- Table structure for table `migrations`
--

CREATE TABLE `migrations` (
  `id` int(10) UNSIGNED NOT NULL,
  `migration` varchar(191) COLLATE utf8mb4_unicode_ci NOT NULL,
  `batch` int(11) NOT NULL
) ENGINE=InnoDB DEFAULT CHARSET=utf8mb4 COLLATE=utf8mb4_unicode_ci;

--
-- Dumping data for table `migrations`
--

INSERT INTO `migrations` (`id`, `migration`, `batch`) VALUES
(1, '2014_10_12_000000_create_users_table', 1),
(2, '2014_10_12_100000_create_password_resets_table', 1),
(3, '2017_07_19_120508_create_ip_list', 1),
(11, '2016_08_08_071339_create_districts_table', 3),
(12, '2016_08_28_063029__create_divisions_table', 3),
(13, '2016_08_28_063353__create_subdistricts_table', 3),
(14, '2018_01_30_080635_create_galleries_table', 4),
(15, '2018_02_12_091645_create_teachers_table', 5),
(16, '2018_02_14_084024_create_teacher_skills_table', 6),
(17, '2018_02_15_062044_add_slug_to_teachers', 7),
(18, '2018_02_17_051741_create_teacher_educations_table', 8),
(19, '2018_03_07_085136_create_ratings_table', 9),
(21, '2018_03_10_083414_add_review_to_ratings', 10),
(24, '2018_03_14_044036_create_quciklearns_table', 11);

-- --------------------------------------------------------

--
-- Table structure for table `password_resets`
--

CREATE TABLE `password_resets` (
  `email` varchar(191) COLLATE utf8mb4_unicode_ci NOT NULL,
  `token` varchar(191) COLLATE utf8mb4_unicode_ci NOT NULL,
  `created_at` timestamp NULL DEFAULT NULL
) ENGINE=InnoDB DEFAULT CHARSET=utf8mb4 COLLATE=utf8mb4_unicode_ci;

-- --------------------------------------------------------

--
-- Table structure for table `quciklearns`
--

CREATE TABLE `quciklearns` (
  `id` int(10) UNSIGNED NOT NULL,
  `title` varchar(191) COLLATE utf8mb4_unicode_ci NOT NULL,
  `slug` varchar(191) COLLATE utf8mb4_unicode_ci NOT NULL,
  `url` varchar(191) COLLATE utf8mb4_unicode_ci DEFAULT NULL,
  `feature_image` varchar(191) COLLATE utf8mb4_unicode_ci DEFAULT NULL,
  `description` text COLLATE utf8mb4_unicode_ci NOT NULL,
  `status` enum('active','inactive','suspended') COLLATE utf8mb4_unicode_ci NOT NULL DEFAULT 'active',
  `created_at` timestamp NULL DEFAULT NULL,
  `updated_at` timestamp NULL DEFAULT NULL
) ENGINE=InnoDB DEFAULT CHARSET=utf8mb4 COLLATE=utf8mb4_unicode_ci;

--
-- Dumping data for table `quciklearns`
--

INSERT INTO `quciklearns` (`id`, `title`, `slug`, `url`, `feature_image`, `description`, `status`, `created_at`, `updated_at`) VALUES
(1, 'অনলাইনে আয় এখন অবাস্তব কিছু নয়, জেনে নিন তার নিশ্চিত উপায়', 'অনলাইনে-আয়-এখন-অবাস্তব-কিছু-নয়,-জেনে-নিন-তার-নিশ্চিত-উপায়', NULL, 'upload/tips/gZauyUcqX6Ak5pPoaF0S.jpg', '<p>বর্তমানে, অনলাইনে আয় করার জন্য সাহায্যকারী পোস্ট দিলে দেখা যায় অনেক বার পঠিত হয়, লাইক হয়। কিন্তু শেয়ার এবং মন্তব্যের সংখ্যা খুবই কম তার মানে কি দাড়াই আমরা ভালভাবে জানতে এবং জানাতে আগ্রহী নই। আর যদি কেউ মন্তব্য করে তাহলে মন্তব্যটি এরকম হয়- &ldquo;আমিও চেষ্টা করছি, ব্লগার ভাইরা সাহায্য করলে উপকৃত হবো, প্রতিষ্ঠানে এসে ট্রেনিং নিন আর আয় করুন কন্টাক্ট নম্বর দেওয়া থাকে ইত্যাদি&rdquo;।</p>\r\n<p>বিনা টাকায় অনেকেই আয় করার পথ দেখিয়ে দেবে, কিন্তু আয় করিয়ে দিবে না। তাই বলে অনলাইনে কেউ আয় করে না এরকম কিন্তু নয়। অনেকেই আবার করে থাকে। তবে, অনেক ব্লগার ভাইরা তাদের মূল্যবান লেখা পোস্ট করে কোন শর্ত ছাড়াই। তাদেরকে অনেক ধন্যবাদ। অনলাইনে আয় করার জন্য সাহায্যকারী পোস্ট পড়ে আয় করা খুব কঠিন ব্যাপার, কারণ প্রত্যক্ষ সাহায্য ছাড়া সফল হওয়া কঠিন হয়ে পড়ে।</p>\r\n<p>যাহোক, আমি আপনাদেরকে একটা আইটি প্রতিষ্ঠানের সন্ধান দিতে পারি, এই প্রতিষ্ঠানটি খুব অল্প টাকায় ট্রেনিং চলাকালীন অবস্থায় ১০০% আয়ের নিশ্চয়তা দিয়ে থাকে এবং অনেকেই এখান থেকে প্রশিক্ষণ গ্রহণ করে আজ স্বাবলম্বী। যদি কেউ প্রশিক্ষণ গ্রহণ করতে চান তাহলে যোগাযোগ/নিবন্ধন করতে পারেন এ এম ওয়েব ক্রিয়েশনের অনলাইন আর্নিং কোর্সে।</p>\r\n<p>আমার এই পোস্টটি যদি আপনার ভাল লাগে এবং উপকারে আসে অবশ্যই লাইক, শেয়ার কমেন্ট করতে ভুলবেন না। নিজে জানুন এবং অন্যকে জানার সুযোগ করে দিন। সবাই ভাল থাকবেন, আল্লাহ্&zwnj; হাফেজ&hellip;&hellip;&hellip;</p>', 'active', '2018-03-14 00:29:17', '2018-03-14 00:51:58'),
(2, '১ মিনিটে শর্টকাট ভাইরাস ডিলেট করুন', '১-মিনিটে-শর্টকাট-ভাইরাস-ডিলেট-করুন', 'https://www.youtube.com/embed/HtXM8oiGtiI', 'upload/tips/GaK8YRbMuPHGoc68l62w.png', '<p>যারা প্রতিদিন কম্পিউটার চালান&nbsp; এবং নিত্য নতুন পেন্ড্রাইব ও মেমোরি ঢুকান তারা প্রাই&nbsp; Shortcut Virus দ্বারা আক্রান্ত হয়ে থাকেন, তাদের কথা বিবেচনা করে আমি একটা ২ মিনিটের Video টিউটোরিয়াল তৈরী করেছি যা দেখলে আপনারা ১ মিনিটে সর্টকার্ট ভাইরাস ডিলেট করতে পারবেন ও ভাইরাস মুক্ত থাকবেন।</p>\r\n<p>যাদের জানা দরকার ও যারা প্রবলেমে পরেছেন তারা অবশ্যই আমার এই&nbsp; ভিডিওটি দেখবেন</p>', 'active', '2018-03-14 00:31:31', '2018-03-14 03:32:31');

-- --------------------------------------------------------

--
-- Table structure for table `ratings`
--

CREATE TABLE `ratings` (
  `id` int(10) UNSIGNED NOT NULL,
  `tutor_id` int(11) NOT NULL,
  `user_id` int(11) NOT NULL,
  `rating_value` int(11) NOT NULL,
  `review` text COLLATE utf8mb4_unicode_ci,
  `created_at` timestamp NULL DEFAULT NULL,
  `updated_at` timestamp NULL DEFAULT NULL
) ENGINE=InnoDB DEFAULT CHARSET=utf8mb4 COLLATE=utf8mb4_unicode_ci;

--
-- Dumping data for table `ratings`
--

INSERT INTO `ratings` (`id`, `tutor_id`, `user_id`, `rating_value`, `review`, `created_at`, `updated_at`) VALUES
(1, 5, 10, 4, 'Very good content, quality and explanations. Every next topic is very well connected with previous ones.', '2018-03-10 03:13:58', '2018-03-11 02:04:03'),
(7, 5, 1, 5, 'This course was very good. You are getting the same kind of training that you would get in a classroom setting or a bootcamp, but for a lot less money. I highly recommend this course to anyone who wants to learn front-end and back-end development.', '2018-03-10 03:22:34', '2018-03-11 02:02:47'),
(18, 5, 2, 5, 'ggg', '2018-03-10 05:42:25', '2018-03-10 06:39:28'),
(19, 6, 2, 5, 'good', '2018-03-10 06:05:58', '2018-03-11 02:43:23'),
(21, 4, 2, 3, 'ccccc', '2018-03-10 06:07:40', '2018-03-11 02:44:25'),
(23, 6, 10, 5, NULL, '2018-03-11 02:05:39', '2018-03-11 02:05:39'),
(25, 4, 1, 5, 'good', '2018-03-11 02:44:49', '2018-03-12 00:39:55'),
(26, 6, 1, 5, NULL, '2018-03-11 02:46:59', '2018-03-11 02:46:59'),
(27, 6, 11, 4, 'good', '2018-03-11 06:06:39', '2018-03-11 06:06:39'),
(28, 5, 11, 5, 'nice', '2018-03-11 06:06:55', '2018-03-11 06:06:55'),
(29, 4, 10, 5, 'awesome tutors', '2018-03-12 00:40:31', '2018-03-12 00:40:31');

-- --------------------------------------------------------

--
-- Table structure for table `subdistricts`
--

CREATE TABLE `subdistricts` (
  `subdist_id` int(10) UNSIGNED NOT NULL,
  `division_id` int(11) NOT NULL,
  `district_id` int(11) NOT NULL,
  `subdistrictName` varchar(191) COLLATE utf8mb4_unicode_ci NOT NULL,
  `created_at` timestamp NULL DEFAULT NULL,
  `updated_at` timestamp NULL DEFAULT NULL
) ENGINE=InnoDB DEFAULT CHARSET=utf8mb4 COLLATE=utf8mb4_unicode_ci;

--
-- Dumping data for table `subdistricts`
--

INSERT INTO `subdistricts` (`subdist_id`, `division_id`, `district_id`, `subdistrictName`, `created_at`, `updated_at`) VALUES
(1, 1, 1, ' Adabor-আদাবর ', '2018-01-30 01:21:13', '2018-01-30 01:21:13'),
(2, 1, 1, ' Badda-বাড্ডা ', '2018-01-30 01:21:13', '2018-01-30 01:21:13'),
(3, 1, 1, ' Bangsal-বংশাল ', '2018-01-30 01:21:13', '2018-01-30 01:21:13'),
(4, 1, 1, ' Bimanbandar-বিমানবন্দর ', '2018-01-30 01:21:13', '2018-01-30 01:21:13'),
(5, 1, 1, ' Cantonment-কেন্টনমেন্ট ', '2018-01-30 01:21:13', '2018-01-30 01:21:13'),
(6, 1, 1, ' Chak Bazar-চকবাজার ', '2018-01-30 01:21:13', '2018-01-30 01:21:13'),
(7, 1, 1, ' Dakshinkhan-দক্ষিনখান ', '2018-01-30 01:21:13', '2018-01-30 01:21:13'),
(8, 1, 1, ' Darus Salam-দারুস সালাম ', '2018-01-30 01:21:13', '2018-01-30 01:21:13'),
(9, 1, 1, ' Demra-ডেমরা ', '2018-01-30 01:21:13', '2018-01-30 01:21:13'),
(10, 1, 1, ' Dhamrai-ধামরাই ', '2018-01-30 01:21:13', '2018-01-30 01:21:13'),
(11, 1, 1, ' Dhanmondi-ধানমন্ডি ', '2018-01-30 01:21:13', '2018-01-30 01:21:13'),
(12, 1, 1, ' Dohar-দোহার ', '2018-01-30 01:21:13', '2018-01-30 01:21:13'),
(13, 1, 1, ' Gendaria-গেন্ডারিয়া ', '2018-01-30 01:21:13', '2018-01-30 01:21:13'),
(14, 1, 1, ' Gulshan-গুলশান ', '2018-01-30 01:21:13', '2018-01-30 01:21:13'),
(15, 1, 1, ' Hazaribagh-হাজারীবাগ ', '2018-01-30 01:21:13', '2018-01-30 01:21:13'),
(16, 1, 1, ' Jatrabari-যাত্রাবাড়ী ', '2018-01-30 01:21:13', '2018-01-30 01:21:13'),
(17, 1, 1, ' Kadamtali-কদমতলী ', '2018-01-30 01:21:13', '2018-01-30 01:21:13'),
(18, 1, 1, ' Kafrul-কুরিল ', '2018-01-30 01:21:13', '2018-01-30 01:21:13'),
(19, 1, 1, ' Kalabagan-কলাবাগান ', '2018-01-30 01:21:13', '2018-01-30 01:21:13'),
(20, 1, 1, ' Kamrangirchar-কামরাঙ্গীরচর ', '2018-01-30 01:21:13', '2018-01-30 01:21:13'),
(21, 1, 1, ' Keraniganj-কেরানীগঞ্জ ', '2018-01-30 01:21:13', '2018-01-30 01:21:13'),
(22, 1, 1, ' Khilgaon-খীলগাঁ ', '2018-01-30 01:21:13', '2018-01-30 01:21:13'),
(23, 1, 1, ' khilkhet-খীলখেত ', '2018-01-30 01:21:13', '2018-01-30 01:21:13'),
(24, 1, 1, ' Kotwali-কতোয়ালী ', '2018-01-30 01:21:13', '2018-01-30 01:21:13'),
(25, 1, 1, ' Lalbagh-লালবাগ ', '2018-01-30 01:21:13', '2018-01-30 01:21:13'),
(26, 1, 1, ' Mirpur-মিরপুর ', '2018-01-30 01:21:13', '2018-01-30 01:21:13'),
(27, 1, 1, ' Mohammadpur-মোহাম্মদপুর ', '2018-01-30 01:21:13', '2018-01-30 01:21:13'),
(28, 1, 1, ' Motijheel-মতিঝিল ', '2018-01-30 01:21:13', '2018-01-30 01:21:13'),
(29, 1, 1, ' Nawabganj-ন্ওয়াবগঞ্জ ', '2018-01-30 01:21:13', '2018-01-30 01:21:13'),
(30, 1, 1, ' Newmarket-নিউমারকেট ', '2018-01-30 01:21:13', '2018-01-30 01:21:13'),
(31, 1, 1, ' Pallabi-পল্লবী ', '2018-01-30 01:21:13', '2018-01-30 01:21:13'),
(32, 1, 1, ' Paltan-পাবনা ', '2018-01-30 01:21:13', '2018-01-30 01:21:13'),
(33, 1, 1, ' Ramna-রমনা ', '2018-01-30 01:21:13', '2018-01-30 01:21:13'),
(34, 1, 1, ' Rampura-রামপুরা ', '2018-01-30 01:21:13', '2018-01-30 01:21:13'),
(35, 1, 1, ' Rupnagar-রুপনগর ', '2018-01-30 01:21:13', '2018-01-30 01:21:13'),
(36, 1, 1, ' Sabujbagh-সবুজবাগ ', '2018-01-30 01:21:13', '2018-01-30 01:21:13'),
(37, 1, 1, ' Savar-সাভার ', '2018-01-30 01:21:13', '2018-01-30 01:21:13'),
(38, 1, 1, ' Shah Ali-সাহআলী', '2018-01-30 01:21:13', '2018-01-30 01:21:13'),
(39, 1, 1, ' Shahbag-সাহবাগ ', '2018-01-30 01:21:13', '2018-01-30 01:21:13'),
(40, 1, 1, ' Sher-e-Bangla Nagar-শেরইবাংলা নগর ', '2018-01-30 01:21:13', '2018-01-30 01:21:13'),
(41, 1, 1, ' Shyampur-সেমপুর ', '2018-01-30 01:21:13', '2018-01-30 01:21:13'),
(42, 1, 1, ' Sutrapur-সুত্রাপুর ', '2018-01-30 01:21:13', '2018-01-30 01:21:13'),
(43, 1, 1, ' Tejgaon-তেজগাঁ ', '2018-01-30 01:21:13', '2018-01-30 01:21:13'),
(44, 1, 1, ' Mohakhali-মোহাখালী ', '2018-01-30 01:21:13', '2018-01-30 01:21:13'),
(45, 1, 1, ' Tejgaon Industrial Area-তেজগাঁ ইন্ডাষ্ট্রিয়াল এরিয়া ', '2018-01-30 01:21:13', '2018-01-30 01:21:13'),
(46, 1, 1, ' Turag-তুরাগ ', '2018-01-30 01:21:13', '2018-01-30 01:21:13'),
(47, 1, 1, ' Uttara-উত্তরা ', '2018-01-30 01:21:13', '2018-01-30 01:21:13'),
(48, 1, 1, ' Uttar Khan-উত্তর খান ', '2018-01-30 01:21:13', '2018-01-30 01:21:13'),
(49, 1, 2, ' Alfadanga-আফতাবনগর ', '2018-01-30 01:21:13', '2018-01-30 01:21:13'),
(50, 1, 2, ' Bhanga-বাঙ্গা', '2018-01-30 01:21:13', '2018-01-30 01:21:13'),
(51, 1, 2, ' Boalmari-বোয়ালমারী ', '2018-01-30 01:21:13', '2018-01-30 01:21:13'),
(52, 1, 2, ' Charbhadrasan-চরভদ্রাসন ', '2018-01-30 01:21:13', '2018-01-30 01:21:13'),
(53, 1, 2, ' Faridpur Sadar-ফরিদপুর সদর ', '2018-01-30 01:21:13', '2018-01-30 01:21:13'),
(54, 1, 2, ' Madhukhali-মধুখালী ', '2018-01-30 01:21:13', '2018-01-30 01:21:13'),
(55, 1, 2, ' Nagarkanda-নগরকান্দা ', '2018-01-30 01:21:13', '2018-01-30 01:21:13'),
(56, 1, 2, ' Sadarpur-সদরপুর ', '2018-01-30 01:21:13', '2018-01-30 01:21:13'),
(57, 1, 2, ' Saltha-সালতা ', '2018-01-30 01:21:13', '2018-01-30 01:21:13'),
(58, 1, 3, ' Gazipur Sadar-গাজীপুর সদর ', '2018-01-30 01:21:13', '2018-01-30 01:21:13'),
(59, 1, 3, ' Kaliakair-কালীয়াকৈর ', '2018-01-30 01:21:13', '2018-01-30 01:21:13'),
(60, 1, 3, ' Kaliganj-কালীগঞ্জ ', '2018-01-30 01:21:13', '2018-01-30 01:21:13'),
(61, 1, 3, ' Kapasia-কাপাসিয়া ', '2018-01-30 01:21:13', '2018-01-30 01:21:13'),
(62, 1, 3, ' Sreepur-শ্রীপুর ', '2018-01-30 01:21:13', '2018-01-30 01:21:13'),
(63, 1, 4, ' Gopalganj Sadar-গোপালগঞ্জ সদর ', '2018-01-30 01:21:13', '2018-01-30 01:21:13'),
(64, 1, 4, ' Kashiani-কাশিয়ানী ', '2018-01-30 01:21:13', '2018-01-30 01:21:13'),
(65, 1, 4, ' Kotalipara-কোসালীপাড়া ', '2018-01-30 01:21:13', '2018-01-30 01:21:13'),
(66, 1, 4, ' Muksudpur-মকসুদপুর ', '2018-01-30 01:21:13', '2018-01-30 01:21:13'),
(67, 1, 4, ' Tungipara-টুঙ্গিপাড়া ', '2018-01-30 01:21:13', '2018-01-30 01:21:13'),
(68, 1, 5, ' Baksiganj-বকসীগঞ্জ ', '2018-01-30 01:21:13', '2018-01-30 01:21:13'),
(69, 1, 5, ' Dewanganj-দেওয়ানগঞ্জ ', '2018-01-30 01:21:13', '2018-01-30 01:21:13'),
(70, 1, 5, ' Islampur-ইসলামপুর ', '2018-01-30 01:21:13', '2018-01-30 01:21:13'),
(71, 1, 5, ' Jamalpur Sadar-জামালপুর সদর ', '2018-01-30 01:21:13', '2018-01-30 01:21:13'),
(72, 1, 5, ' Madarganj-মাদারগঞ্জ ', '2018-01-30 01:21:13', '2018-01-30 01:21:13'),
(73, 1, 5, ' Melandaha-মেলান্দহ ', '2018-01-30 01:21:13', '2018-01-30 01:21:13'),
(74, 1, 5, ' Sarishabari-শরিষাবাড়ী ', '2018-01-30 01:21:13', '2018-01-30 01:21:13'),
(75, 1, 6, ' Astagram-আষ্টগ্রাম ', '2018-01-30 01:21:13', '2018-01-30 01:21:13'),
(76, 1, 6, ' Bajitpur-বাজিতপুর ', '2018-01-30 01:21:13', '2018-01-30 01:21:13'),
(77, 1, 6, ' Bhairab-ভৈরব ', '2018-01-30 01:21:13', '2018-01-30 01:21:13'),
(78, 1, 6, ' Hossainpur-হোসেনপুর ', '2018-01-30 01:21:13', '2018-01-30 01:21:13'),
(79, 1, 6, ' Itna-ইতনা ', '2018-01-30 01:21:13', '2018-01-30 01:21:13'),
(80, 1, 6, ' Karimganj-করিমগঞ্জ ', '2018-01-30 01:21:13', '2018-01-30 01:21:13'),
(81, 1, 6, ' Katiadi-কাতিয়াদি ', '2018-01-30 01:21:13', '2018-01-30 01:21:13'),
(82, 1, 6, ' Kishoreganj Sadar-কিশোরগঞ্জ সদর ', '2018-01-30 01:21:13', '2018-01-30 01:21:13'),
(83, 1, 6, ' Kuliarchar-কুলিয়াছারা ', '2018-01-30 01:21:13', '2018-01-30 01:21:13'),
(84, 1, 6, ' Mithamain-মিথামিইন ', '2018-01-30 01:21:13', '2018-01-30 01:21:13'),
(85, 1, 6, ' Nikli-নিখিলদি ', '2018-01-30 01:21:13', '2018-01-30 01:21:13'),
(86, 1, 6, ' Pakundia-পাকুন্দিয়া ', '2018-01-30 01:21:13', '2018-01-30 01:21:13'),
(87, 1, 6, ' Tarail-তারাইল ', '2018-01-30 01:21:13', '2018-01-30 01:21:13'),
(88, 1, 7, ' Rajoir-রাজইর ', '2018-01-30 01:21:13', '2018-01-30 01:21:13'),
(89, 1, 7, ' Madaripur Sadar-মাদারীপুর সদর ', '2018-01-30 01:21:13', '2018-01-30 01:21:13'),
(90, 1, 7, ' Kalkini-কালকিনি ', '2018-01-30 01:21:13', '2018-01-30 01:21:13'),
(91, 1, 7, ' Shibchar-শিবচর ', '2018-01-30 01:21:13', '2018-01-30 01:21:13'),
(92, 1, 8, ' Daulatpur-দৌলতপুর ', '2018-01-30 01:21:13', '2018-01-30 01:21:13'),
(93, 1, 8, ' Ghior-ঘিওর ', '2018-01-30 01:21:13', '2018-01-30 01:21:13'),
(94, 1, 8, ' Harirampur-হরিরামপুর ', '2018-01-30 01:21:13', '2018-01-30 01:21:13'),
(95, 1, 8, ' Manikgonj Sadar-মানিকগঞ্জ সদর ', '2018-01-30 01:21:13', '2018-01-30 01:21:13'),
(96, 1, 8, ' Saturia-সাতুরিয়া ', '2018-01-30 01:21:13', '2018-01-30 01:21:13'),
(97, 1, 8, ' Shivalaya-শিবালয় ', '2018-01-30 01:21:13', '2018-01-30 01:21:13'),
(98, 1, 8, ' Singair-সিংগাইর ', '2018-01-30 01:21:13', '2018-01-30 01:21:13'),
(99, 1, 9, ' Gazaria-গজারিয়া ', '2018-01-30 01:21:13', '2018-01-30 01:21:13'),
(100, 1, 9, ' Lohajang-লৌহজং ', '2018-01-30 01:21:13', '2018-01-30 01:21:13'),
(101, 1, 9, ' Munshiganj Sadar-মুন্সীগঞ্জ সদর ', '2018-01-30 01:21:13', '2018-01-30 01:21:13'),
(102, 1, 9, ' Sirajdikhan-সিরাজদিখান ', '2018-01-30 01:21:13', '2018-01-30 01:21:13'),
(103, 1, 9, ' Sreenagar-শ্রীনগর ', '2018-01-30 01:21:13', '2018-01-30 01:21:13'),
(104, 1, 9, ' Tongibari-টঙ্গীবাড়ী ', '2018-01-30 01:21:13', '2018-01-30 01:21:13'),
(105, 1, 10, ' Bhaluka-ভালুকা ', '2018-01-30 01:21:13', '2018-01-30 01:21:13'),
(106, 1, 10, ' Dhobaura-ডুবুরিয়া ', '2018-01-30 01:21:13', '2018-01-30 01:21:13'),
(107, 1, 10, ' Fulbaria-ফুলবাড়ীয়া ', '2018-01-30 01:21:13', '2018-01-30 01:21:13'),
(108, 1, 10, ' Gaffargaon-গফরগাঁ ', '2018-01-30 01:21:13', '2018-01-30 01:21:13'),
(109, 1, 10, ' Gauripur-গৌরীপুর ', '2018-01-30 01:21:13', '2018-01-30 01:21:13'),
(110, 1, 10, ' Haluaghat-হালুয়াঘাট ', '2018-01-30 01:21:13', '2018-01-30 01:21:13'),
(111, 1, 10, ' Ishwarganj-ঈশবরগঞ্জ ', '2018-01-30 01:21:13', '2018-01-30 01:21:13'),
(112, 1, 10, ' Mymensingh Sadar-ময়মনসিংহ সদর ', '2018-01-30 01:21:13', '2018-01-30 01:21:13'),
(113, 1, 10, ' Muktagachha-মুক্তাগাছা ', '2018-01-30 01:21:13', '2018-01-30 01:21:13'),
(114, 1, 10, ' Nandail-নন্দাইল ', '2018-01-30 01:21:13', '2018-01-30 01:21:13'),
(115, 1, 10, ' Phulpur-পুলপুর ', '2018-01-30 01:21:13', '2018-01-30 01:21:13'),
(116, 1, 10, ' Trishal-ত্রিশাইল ', '2018-01-30 01:21:13', '2018-01-30 01:21:13'),
(117, 1, 10, ' Tara Khanda-তারা কান্দা ', '2018-01-30 01:21:13', '2018-01-30 01:21:13'),
(118, 1, 11, ' Araihazar-আরাইহাজার ', '2018-01-30 01:21:13', '2018-01-30 01:21:13'),
(119, 1, 11, ' Bandar-বন্দর ', '2018-01-30 01:21:13', '2018-01-30 01:21:13'),
(120, 1, 11, ' Narayanganj Sadar-নারায়নগঞ্জ সদর ', '2018-01-30 01:21:13', '2018-01-30 01:21:13'),
(121, 1, 11, ' Rupganj-রুপগঞ্জ ', '2018-01-30 01:21:13', '2018-01-30 01:21:13'),
(122, 1, 11, ' Sonargaon-সোনারগাঁ ', '2018-01-30 01:21:13', '2018-01-30 01:21:13'),
(123, 1, 12, ' Narsingdi Sadar-নরসিংদি সদর ', '2018-01-30 01:21:13', '2018-01-30 01:21:13'),
(124, 1, 12, ' Belabo-বেলাবো ', '2018-01-30 01:21:13', '2018-01-30 01:21:13'),
(125, 1, 12, ' Monohardi-মনোহরদি ', '2018-01-30 01:21:13', '2018-01-30 01:21:13'),
(126, 1, 12, ' Palash-পলাশ ', '2018-01-30 01:21:13', '2018-01-30 01:21:13'),
(127, 1, 12, ' Raipura-রাইপুরা ', '2018-01-30 01:21:13', '2018-01-30 01:21:13'),
(128, 1, 12, ' Shibpur-শিবপুর ', '2018-01-30 01:21:13', '2018-01-30 01:21:13'),
(129, 1, 13, ' Atpara-আতপাড়া ', '2018-01-30 01:21:13', '2018-01-30 01:21:13'),
(130, 1, 13, ' Barhatta-বারহাট্টা ', '2018-01-30 01:21:13', '2018-01-30 01:21:13'),
(131, 1, 13, ' Durgapur-দুর্গাপুর ', '2018-01-30 01:21:13', '2018-01-30 01:21:13'),
(132, 1, 13, ' Khaliajuri-কালিজুরি ', '2018-01-30 01:21:13', '2018-01-30 01:21:13'),
(133, 1, 13, ' Kalmakanda-কলমাকান্দা ', '2018-01-30 01:21:13', '2018-01-30 01:21:13'),
(134, 1, 13, ' Kendua-কেন্দুয়া ', '2018-01-30 01:21:13', '2018-01-30 01:21:13'),
(135, 1, 13, ' Madan-মদন ', '2018-01-30 01:21:13', '2018-01-30 01:21:13'),
(136, 1, 13, ' Mohanganj-মোহনগঞ্জ ', '2018-01-30 01:21:13', '2018-01-30 01:21:13'),
(137, 1, 13, ' Netrokona Sadar-নেত্রোকোনা সদর ', '2018-01-30 01:21:13', '2018-01-30 01:21:13'),
(138, 1, 13, ' Purbadhala-পূর্বধলা ', '2018-01-30 01:21:13', '2018-01-30 01:21:13'),
(139, 1, 14, ' Baliakandi-কালিয়াকান্দি ', '2018-01-30 01:21:13', '2018-01-30 01:21:13'),
(140, 1, 14, ' Goalandaghat-গোয়ালন্দ ঘাট ', '2018-01-30 01:21:13', '2018-01-30 01:21:13'),
(141, 1, 14, ' Pangsha-পাংশা ', '2018-01-30 01:21:13', '2018-01-30 01:21:13'),
(142, 1, 14, ' Rajbari Sadar-রাজবাড়ী সদর ', '2018-01-30 01:21:13', '2018-01-30 01:21:13'),
(143, 1, 14, ' Kalukhali-কালুখালি ', '2018-01-30 01:21:13', '2018-01-30 01:21:13'),
(144, 1, 15, ' Bhedarganj-বদরগঞ্জ ', '2018-01-30 01:21:13', '2018-01-30 01:21:13'),
(145, 1, 15, ' Damudya-ডামুড্যা ', '2018-01-30 01:21:13', '2018-01-30 01:21:13'),
(146, 1, 15, ' Gosairhat-গোসাইরহাট ', '2018-01-30 01:21:13', '2018-01-30 01:21:13'),
(147, 1, 15, ' Naria-নাড়িয়া ', '2018-01-30 01:21:13', '2018-01-30 01:21:13'),
(148, 1, 15, ' Shariatpur Sadar-শরীয়তপুর সদর ', '2018-01-30 01:21:13', '2018-01-30 01:21:13'),
(149, 1, 15, ' Zanjira-জাজিরায় ', '2018-01-30 01:21:13', '2018-01-30 01:21:13'),
(150, 1, 15, ' Shakhipur-সখীপুরে ', '2018-01-30 01:21:13', '2018-01-30 01:21:13'),
(151, 1, 16, ' Jhenaigati-ঝিনাইগাতী ', '2018-01-30 01:21:13', '2018-01-30 01:21:13'),
(152, 1, 16, ' Nakla-নকলা ', '2018-01-30 01:21:13', '2018-01-30 01:21:13'),
(153, 1, 16, ' Nalitabari-নালিতাবাড়ী ', '2018-01-30 01:21:13', '2018-01-30 01:21:13'),
(154, 1, 16, ' Sherpur Sadar-শেরপুর সদর ', '2018-01-30 01:21:13', '2018-01-30 01:21:13'),
(155, 1, 16, ' Sreebardi-শ্রীবারদী ', '2018-01-30 01:21:13', '2018-01-30 01:21:13'),
(156, 1, 17, ' Gopalpur-গোপালপুর ', '2018-01-30 01:21:13', '2018-01-30 01:21:13'),
(157, 1, 17, ' Basail-বাসিল ', '2018-01-30 01:21:13', '2018-01-30 01:21:13'),
(158, 1, 17, ' Bhuapur-ভুয়াপুর ', '2018-01-30 01:21:13', '2018-01-30 01:21:13'),
(159, 1, 17, ' Delduar-দেলদুয়ার ', '2018-01-30 01:21:13', '2018-01-30 01:21:13'),
(160, 1, 17, ' Ghatail-ঘাটাইল ', '2018-01-30 01:21:13', '2018-01-30 01:21:13'),
(161, 1, 17, ' Kalihati-কালিহাটি ', '2018-01-30 01:21:13', '2018-01-30 01:21:13'),
(162, 1, 17, ' Madhupur-মধুপুর ', '2018-01-30 01:21:13', '2018-01-30 01:21:13'),
(163, 1, 17, ' Mirzapur-মিরজাপুর ', '2018-01-30 01:21:13', '2018-01-30 01:21:13'),
(164, 1, 17, ' Nagarpur-নগরপুর ', '2018-01-30 01:21:13', '2018-01-30 01:21:13'),
(165, 1, 17, ' Sakhipur-সুখপুর ', '2018-01-30 01:21:13', '2018-01-30 01:21:13'),
(166, 1, 17, ' Dhanbari-ধানবাড়ি ', '2018-01-30 01:21:13', '2018-01-30 01:21:13'),
(167, 1, 17, ' Tangail Sadar-টাঙ্গাইল ', '2018-01-30 01:21:13', '2018-01-30 01:21:13'),
(168, 1, 18, ' Dhamrai-ধামরাই ', '2018-01-30 01:21:13', '2018-01-30 01:21:13'),
(169, 1, 19, ' Dohar-দোহার ', '2018-01-30 01:21:13', '2018-01-30 01:21:13'),
(170, 1, 20, ' Keraniganj-কেরানীগঞ্জ ', '2018-01-30 01:21:13', '2018-01-30 01:21:13'),
(171, 1, 21, ' Nawabganj-নওয়া্বগঞ্জ ', '2018-01-30 01:21:13', '2018-01-30 01:21:13'),
(172, 1, 21, ' Savar-সাভার ', '2018-01-30 01:21:13', '2018-01-30 01:21:13'),
(173, 2, 23, ' Agailjhara-আগইলঝারা ', '2018-01-30 01:21:13', '2018-01-30 01:21:13'),
(174, 2, 23, ' Babuganj-বাবুগঞ্জ ', '2018-01-30 01:21:13', '2018-01-30 01:21:13'),
(175, 2, 23, ' Bakerganj-বাকেরগঞ্জ ', '2018-01-30 01:21:13', '2018-01-30 01:21:13'),
(176, 2, 23, ' Banaripara-বানরীপাড়া ', '2018-01-30 01:21:13', '2018-01-30 01:21:13'),
(177, 2, 23, ' Gaurnadi-গৌরনদী ', '2018-01-30 01:21:13', '2018-01-30 01:21:13'),
(178, 2, 23, ' Hizla-হিজলা ', '2018-01-30 01:21:13', '2018-01-30 01:21:13'),
(179, 2, 23, ' Barisal Sadar-বরিশাল সদর ', '2018-01-30 01:21:13', '2018-01-30 01:21:13'),
(180, 2, 23, ' Mehendiganj-মেহেদিগঞ্জ ', '2018-01-30 01:21:13', '2018-01-30 01:21:13'),
(181, 2, 23, ' Muladi-মুলাদি ', '2018-01-30 01:21:13', '2018-01-30 01:21:13'),
(182, 2, 23, ' Wazirpur-ওয়াজিরপুর ', '2018-01-30 01:21:13', '2018-01-30 01:21:13'),
(183, 2, 24, ' Amtali-আমতলী ', '2018-01-30 01:21:13', '2018-01-30 01:21:13'),
(184, 2, 24, ' Bamna-বামনা ', '2018-01-30 01:21:13', '2018-01-30 01:21:13'),
(185, 2, 24, ' Barguna Sadar-বরগুনা সদর ', '2018-01-30 01:21:13', '2018-01-30 01:21:13'),
(186, 2, 24, ' Betagi-বেতাগী ', '2018-01-30 01:21:13', '2018-01-30 01:21:13'),
(187, 2, 24, ' Patharghata-পাথরঘাটা ', '2018-01-30 01:21:13', '2018-01-30 01:21:13'),
(188, 2, 24, ' Taltoli-তালতলী ', '2018-01-30 01:21:13', '2018-01-30 01:21:13'),
(189, 2, 25, ' Bhola Sadar-ভোলা সদর ', '2018-01-30 01:21:13', '2018-01-30 01:21:13'),
(190, 2, 25, ' Burhanuddin-বোরহানউদ্দিন ', '2018-01-30 01:21:13', '2018-01-30 01:21:13'),
(191, 2, 25, ' Char Fasson-চরফেসন ', '2018-01-30 01:21:13', '2018-01-30 01:21:13'),
(192, 2, 25, ' Daulatkhan-দৌলতখান ', '2018-01-30 01:21:13', '2018-01-30 01:21:13'),
(193, 2, 25, ' Lalmohan-লালমোহন ', '2018-01-30 01:21:13', '2018-01-30 01:21:13'),
(194, 2, 25, ' Manpura-মনপুরা ', '2018-01-30 01:21:13', '2018-01-30 01:21:13'),
(195, 2, 25, ' Tazumuddin-তাজুমুদ্দিন ', '2018-01-30 01:21:13', '2018-01-30 01:21:13'),
(196, 2, 26, ' Jhalokati Sadar-ঝালকাঠি সদর ', '2018-01-30 01:21:13', '2018-01-30 01:21:13'),
(197, 2, 26, ' Kathalia-কাঠালিয়া ', '2018-01-30 01:21:13', '2018-01-30 01:21:13'),
(198, 2, 26, ' Nalchity-নলসিটি ', '2018-01-30 01:21:13', '2018-01-30 01:21:13'),
(199, 2, 26, ' Rajapur-রাজাপুর ', '2018-01-30 01:21:13', '2018-01-30 01:21:13'),
(200, 2, 27, ' Bauphal-বাউফল ', '2018-01-30 01:21:13', '2018-01-30 01:21:13'),
(201, 2, 27, ' Dashmina-দাশমিনা ', '2018-01-30 01:21:13', '2018-01-30 01:21:13'),
(202, 2, 27, ' Galachipa-গলাচিপা ', '2018-01-30 01:21:13', '2018-01-30 01:21:13'),
(203, 2, 27, ' Kalapara-কলাপাড়া ', '2018-01-30 01:21:13', '2018-01-30 01:21:13'),
(204, 2, 27, ' Mirzaganj-মিরজাগঞ্জ ', '2018-01-30 01:21:13', '2018-01-30 01:21:13'),
(205, 2, 27, ' Patuakhali Sadar-পটুয়াখালী সদর ', '2018-01-30 01:21:13', '2018-01-30 01:21:13'),
(206, 2, 27, ' Rangabali-রাঙ্গাবালী ', '2018-01-30 01:21:13', '2018-01-30 01:21:13'),
(207, 2, 27, ' Dumki-ধুমকি ', '2018-01-30 01:21:13', '2018-01-30 01:21:13'),
(208, 2, 28, ' Bhandaria-ভান্ডারিয়া ', '2018-01-30 01:21:13', '2018-01-30 01:21:13'),
(209, 2, 28, ' Kawkhali-কাওখালি ', '2018-01-30 01:21:13', '2018-01-30 01:21:13'),
(210, 2, 28, ' Mathbaria-মটবাড়িয়া ', '2018-01-30 01:21:13', '2018-01-30 01:21:13'),
(211, 2, 28, ' Nazirpur-নাজিরপুর ', '2018-01-30 01:21:13', '2018-01-30 01:21:13'),
(212, 2, 28, ' Pirojpur Sadar-পিরোজপুর সদর ', '2018-01-30 01:21:13', '2018-01-30 01:21:13'),
(213, 2, 28, ' Nesarabad (Swarupkati)-নাছিরাবাদ ', '2018-01-30 01:21:13', '2018-01-30 01:21:13'),
(214, 2, 28, ' Zianagor-জিয়ানগর ', '2018-01-30 01:21:13', '2018-01-30 01:21:13'),
(215, 3, 29, ' Anwara-আনোয়ারা ', '2018-01-30 01:21:13', '2018-01-30 01:21:13'),
(216, 3, 29, ' Banshkhali-বাশখালী ', '2018-01-30 01:21:13', '2018-01-30 01:21:13'),
(217, 3, 29, ' Boalkhali-বোয়ালখালী ', '2018-01-30 01:21:13', '2018-01-30 01:21:13'),
(218, 3, 29, ' Chandanaish-চন্দনাইশ ', '2018-01-30 01:21:13', '2018-01-30 01:21:13'),
(219, 3, 29, ' Fatikchhari-ফটিকছরি ', '2018-01-30 01:21:13', '2018-01-30 01:21:13'),
(220, 3, 29, ' Hathazari-হাটহাজারী ', '2018-01-30 01:21:13', '2018-01-30 01:21:13'),
(221, 3, 29, ' Lohagara-লোহাগড়া ', '2018-01-30 01:21:13', '2018-01-30 01:21:13'),
(222, 3, 29, ' Mirsharai-মিরশরাই ', '2018-01-30 01:21:13', '2018-01-30 01:21:13'),
(223, 3, 29, ' Patiya-পটিয়া ', '2018-01-30 01:21:13', '2018-01-30 01:21:13'),
(224, 3, 29, ' Rangunia-রাঙ্গুনিয়া ', '2018-01-30 01:21:13', '2018-01-30 01:21:13'),
(225, 3, 29, ' Raozan-রাওজান ', '2018-01-30 01:21:13', '2018-01-30 01:21:13'),
(226, 3, 29, ' Sandwip-সনদিপ ', '2018-01-30 01:21:13', '2018-01-30 01:21:13'),
(227, 3, 29, ' Satkania-সতকানিয়া ', '2018-01-30 01:21:13', '2018-01-30 01:21:13'),
(228, 3, 29, ' Sitakunda-শিতাকুন্ডা ', '2018-01-30 01:21:13', '2018-01-30 01:21:13'),
(229, 3, 29, ' Bandor (Chittagong Port), নস্দর ', '2018-01-30 01:21:13', '2018-01-30 01:21:13'),
(230, 3, 29, ' Chandgaon-চাঁদগা ', '2018-01-30 01:21:13', '2018-01-30 01:21:13'),
(231, 3, 29, ' Double Mooring-ডবলমুরিং ', '2018-01-30 01:21:13', '2018-01-30 01:21:13'),
(232, 3, 29, ' Kotwali-কতোয়ালী ', '2018-01-30 01:21:13', '2018-01-30 01:21:13'),
(233, 3, 29, ' Pahartali-পাহাড়তলী ', '2018-01-30 01:21:13', '2018-01-30 01:21:13'),
(234, 3, 29, ' Panchlaish-পাঁচলাইশ ', '2018-01-30 01:21:13', '2018-01-30 01:21:13'),
(235, 3, 30, ' Ali Kadam-আলিকদম ', '2018-01-30 01:21:13', '2018-01-30 01:21:13'),
(236, 3, 30, ' Bandarban Sadar-বান্দরবন সদর ', '2018-01-30 01:21:13', '2018-01-30 01:21:13'),
(237, 3, 30, ' Lama-লামা ', '2018-01-30 01:21:13', '2018-01-30 01:21:13'),
(238, 3, 30, ' Naikhongchhari-নাক্ষ্যনছড়ি ', '2018-01-30 01:21:13', '2018-01-30 01:21:13'),
(239, 3, 30, ' Rowangchhari-রোয়াংছড়ি ', '2018-01-30 01:21:13', '2018-01-30 01:21:13'),
(240, 3, 30, ' Ruma-রুমা ', '2018-01-30 01:21:13', '2018-01-30 01:21:13'),
(241, 3, 30, ' Thanchi-থনচি ', '2018-01-30 01:21:13', '2018-01-30 01:21:13'),
(242, 3, 31, ' Akhaura-আখাওড়া ', '2018-01-30 01:21:13', '2018-01-30 01:21:13'),
(243, 3, 31, ' Bancharampur-বানচারামপুর ', '2018-01-30 01:21:13', '2018-01-30 01:21:13'),
(244, 3, 31, ' Brahmanbaria Sadar-ব্রামনবড়িয়া সদর ', '2018-01-30 01:21:13', '2018-01-30 01:21:13'),
(245, 3, 31, ' Kasba-কাসবা ', '2018-01-30 01:21:13', '2018-01-30 01:21:13'),
(246, 3, 31, ' Nabinagar-নবীনগর ', '2018-01-30 01:21:13', '2018-01-30 01:21:13'),
(247, 3, 31, ' Nasirnagar-নাছিরনগর ', '2018-01-30 01:21:13', '2018-01-30 01:21:13'),
(248, 3, 31, ' Sarail-সরাইল ', '2018-01-30 01:21:13', '2018-01-30 01:21:13'),
(249, 3, 31, ' Ashuganj-আসুগঞ্জ ', '2018-01-30 01:21:13', '2018-01-30 01:21:13'),
(250, 3, 31, ' Bijoynagar-বিজয়নগর ', '2018-01-30 01:21:13', '2018-01-30 01:21:13'),
(251, 3, 32, ' Chandpur Sadar-চাদপুর সদর ', '2018-01-30 01:21:13', '2018-01-30 01:21:13'),
(252, 3, 32, ' Faridganj-ফরিদগঞ্জ ', '2018-01-30 01:21:13', '2018-01-30 01:21:13'),
(253, 3, 32, ' Haimchar-হিমছড়ি ', '2018-01-30 01:21:13', '2018-01-30 01:21:13'),
(254, 3, 32, ' Haziganj-হাজিগঞ্জ ', '2018-01-30 01:21:13', '2018-01-30 01:21:13'),
(255, 3, 32, ' Kachua-কচুয়া ', '2018-01-30 01:21:13', '2018-01-30 01:21:13'),
(256, 3, 32, ' Matlab Dakshin-মতলব দক্ষিন ', '2018-01-30 01:21:13', '2018-01-30 01:21:13'),
(257, 3, 32, ' Matlab Uttar-মতলব উত্তর ', '2018-01-30 01:21:13', '2018-01-30 01:21:13'),
(258, 3, 32, ' Shahrasti-স্বরসতী ', '2018-01-30 01:21:13', '2018-01-30 01:21:13'),
(259, 3, 33, ' Barura-বরুরা ', '2018-01-30 01:21:13', '2018-01-30 01:21:13'),
(260, 3, 33, ' Brahmanpara-ব্রামনপাড়া ', '2018-01-30 01:21:13', '2018-01-30 01:21:13'),
(261, 3, 33, ' Burichang-বুরিচং ', '2018-01-30 01:21:13', '2018-01-30 01:21:13'),
(262, 3, 33, ' Chandina-চান্দিনা ', '2018-01-30 01:21:13', '2018-01-30 01:21:13'),
(263, 3, 33, ' Chauddagram-চুয়াডাঙ্গা ', '2018-01-30 01:21:13', '2018-01-30 01:21:13'),
(264, 3, 33, ' Daudkandi-দাওদকান্দি ', '2018-01-30 01:21:13', '2018-01-30 01:21:13'),
(265, 3, 33, ' Debidwar-দেবিদ্দার ', '2018-01-30 01:21:13', '2018-01-30 01:21:13'),
(266, 3, 33, ' Homna-হোমনা ', '2018-01-30 01:21:13', '2018-01-30 01:21:13'),
(267, 3, 33, ' Laksam-লাকসাম ', '2018-01-30 01:21:13', '2018-01-30 01:21:13'),
(268, 3, 33, ' Muradnagar-মুরাদনগর ', '2018-01-30 01:21:13', '2018-01-30 01:21:13'),
(269, 3, 33, ' Nangalkot-নাঙ্গলকোট ', '2018-01-30 01:21:13', '2018-01-30 01:21:13'),
(270, 3, 33, ' Comilla Adarsha Sadar-কুমিণ্ণা আদর্শ সদর ', '2018-01-30 01:21:13', '2018-01-30 01:21:13'),
(271, 3, 33, ' Meghna-মেঘনা ', '2018-01-30 01:21:13', '2018-01-30 01:21:13'),
(272, 3, 33, ' Titas-তিতাস ', '2018-01-30 01:21:13', '2018-01-30 01:21:13'),
(273, 3, 33, ' Monohargonj-মনোহরগঞ্জ ', '2018-01-30 01:21:13', '2018-01-30 01:21:13'),
(274, 3, 33, ' Comilla Sadar Dakshin-কুমিল্লা সদর দক্ষিন ', '2018-01-30 01:21:13', '2018-01-30 01:21:13'),
(275, 3, 34, ' Chakaria-চাখারিয়া ', '2018-01-30 01:21:13', '2018-01-30 01:21:13'),
(276, 3, 34, ' Coxs Bazar Sadar-কক্সবাজার সদর ', '2018-01-30 01:21:13', '2018-01-30 01:21:13'),
(277, 3, 34, ' Kutubdia-কুতুবদিয়া ', '2018-01-30 01:21:13', '2018-01-30 01:21:13'),
(278, 3, 34, ' Maheshkhali-মহেশখালী ', '2018-01-30 01:21:13', '2018-01-30 01:21:13'),
(279, 3, 34, ' Ramu-রামু ', '2018-01-30 01:21:13', '2018-01-30 01:21:13'),
(280, 3, 34, ' Teknaf-টেকনাফ ', '2018-01-30 01:21:13', '2018-01-30 01:21:13'),
(281, 3, 34, ' Ukhia-উখিয়া ', '2018-01-30 01:21:13', '2018-01-30 01:21:13'),
(282, 3, 34, ' Pekua-পেকুয়া ', '2018-01-30 01:21:13', '2018-01-30 01:21:13'),
(283, 3, 35, ' Chhagalnaiya-ছাগলনাইয়া ', '2018-01-30 01:21:13', '2018-01-30 01:21:13'),
(284, 3, 35, ' Daganbhuiyan-দাগনভুইয়া ', '2018-01-30 01:21:13', '2018-01-30 01:21:13'),
(285, 3, 35, ' Feni Sadar-ফেনি সদর ', '2018-01-30 01:21:13', '2018-01-30 01:21:13'),
(286, 3, 35, ' Parshuram-পরসুরাম ', '2018-01-30 01:21:13', '2018-01-30 01:21:13'),
(287, 3, 35, ' Sonagazi-সোনাগাজী ', '2018-01-30 01:21:13', '2018-01-30 01:21:13'),
(288, 3, 35, ' Fulgazi-ফুলগাজী ', '2018-01-30 01:21:13', '2018-01-30 01:21:13'),
(289, 3, 36, ' Dighinala-দিঘিনালা ', '2018-01-30 01:21:13', '2018-01-30 01:21:13'),
(290, 3, 36, ' Khagrachhari-খাগরাছড়ি ', '2018-01-30 01:21:13', '2018-01-30 01:21:13'),
(291, 3, 36, ' Lakshmichhari-লক্ষিছারি ', '2018-01-30 01:21:13', '2018-01-30 01:21:13'),
(292, 3, 36, ' Mahalchhari-মাহালছড়ি ', '2018-01-30 01:21:13', '2018-01-30 01:21:13'),
(293, 3, 36, ' Manikchhari-মানিকছড়ি ', '2018-01-30 01:21:13', '2018-01-30 01:21:13'),
(294, 3, 36, ' Matiranga-মাটিরাঙ্গা ', '2018-01-30 01:21:13', '2018-01-30 01:21:13'),
(295, 3, 36, ' Panchhari-পানছরি ', '2018-01-30 01:21:13', '2018-01-30 01:21:13'),
(296, 3, 36, ' Ramgarh-রামগড় ', '2018-01-30 01:21:13', '2018-01-30 01:21:13'),
(297, 3, 37, ' Lakshmipur Sadar-লক্ষিপুর সদর ', '2018-01-30 01:21:13', '2018-01-30 01:21:13'),
(298, 3, 37, ' Raipur-রাইপুর ', '2018-01-30 01:21:13', '2018-01-30 01:21:13'),
(299, 3, 37, ' Ramganj-রামগঞ্জ ', '2018-01-30 01:21:13', '2018-01-30 01:21:13'),
(300, 3, 37, ' Ramgati-রামঘাটি ', '2018-01-30 01:21:13', '2018-01-30 01:21:13'),
(301, 3, 37, ' Kamalnagar-কামালনগর ', '2018-01-30 01:21:13', '2018-01-30 01:21:13'),
(302, 3, 38, ' Begumganj-বেগমগঞ্জ ', '2018-01-30 01:21:13', '2018-01-30 01:21:13'),
(303, 3, 38, ' Noakhali Sadar-নোয়াখালী ', '2018-01-30 01:21:13', '2018-01-30 01:21:13'),
(304, 3, 38, ' Chatkhil-চাটখিল ', '2018-01-30 01:21:13', '2018-01-30 01:21:13'),
(305, 3, 38, ' Companiganj-কোম্পানীগঞ্জ ', '2018-01-30 01:21:13', '2018-01-30 01:21:13'),
(306, 3, 38, ' Hatiya-হাতিয়া ', '2018-01-30 01:21:13', '2018-01-30 01:21:13'),
(307, 3, 38, ' Senbagh-সেনবাগ ', '2018-01-30 01:21:13', '2018-01-30 01:21:13'),
(308, 3, 38, ' Sonaimuri-সোনাইমুরি ', '2018-01-30 01:21:13', '2018-01-30 01:21:13'),
(309, 3, 38, ' Subarnachar-সুবর্নচর ', '2018-01-30 01:21:13', '2018-01-30 01:21:13'),
(310, 3, 38, ' Kabirhat-কবিরহাট ', '2018-01-30 01:21:13', '2018-01-30 01:21:13'),
(311, 3, 39, ' Bagaichhari-বাঘাইছরি ', '2018-01-30 01:21:13', '2018-01-30 01:21:13'),
(312, 3, 39, ' Barkal-বরকল ', '2018-01-30 01:21:13', '2018-01-30 01:21:13'),
(313, 3, 39, ' Kawkhali-কাওখালি (Betbunia) ', '2018-01-30 01:21:13', '2018-01-30 01:21:13'),
(314, 3, 39, ' Belaichhari-বিলাইছরি ', '2018-01-30 01:21:13', '2018-01-30 01:21:13'),
(315, 3, 39, ' Kaptai-কাপ্তাই ', '2018-01-30 01:21:13', '2018-01-30 01:21:13'),
(316, 3, 39, ' Juraichhari-কুরিছরি ', '2018-01-30 01:21:13', '2018-01-30 01:21:13'),
(317, 3, 39, ' Langadu-লাঙ্গাদু ', '2018-01-30 01:21:13', '2018-01-30 01:21:13'),
(318, 3, 39, ' Naniyachar-নানীয়াচর ', '2018-01-30 01:21:13', '2018-01-30 01:21:13'),
(319, 3, 39, ' Rajasthali-রাজস্থালী ', '2018-01-30 01:21:13', '2018-01-30 01:21:13'),
(320, 3, 39, ' Rangamati Sadar-রাঙ্গামটি সদর ', '2018-01-30 01:21:13', '2018-01-30 01:21:13'),
(321, 4, 40, ' Bagha-বাঘা ', '2018-01-30 01:21:13', '2018-01-30 01:21:13'),
(323, 4, 40, ' Charghat-চরঘাট ', '2018-01-30 01:21:13', '2018-01-30 01:21:13'),
(324, 4, 40, ' Durgapur-দুর্ঘাপুর ', '2018-01-30 01:21:13', '2018-01-30 01:21:13'),
(325, 4, 40, ' Godagari-গোদাগারী ', '2018-01-30 01:21:13', '2018-01-30 01:21:13'),
(326, 4, 40, ' Mohanpur-মোহনপুর ', '2018-01-30 01:21:13', '2018-01-30 01:21:13'),
(327, 4, 40, ' Paba-পাবা ', '2018-01-30 01:21:13', '2018-01-30 01:21:13'),
(328, 4, 40, ' Puthia-পুঠিয়া ', '2018-01-30 01:21:13', '2018-01-30 01:21:13'),
(329, 4, 40, ' Tanore-তানরি ', '2018-01-30 01:21:13', '2018-01-30 01:21:13'),
(330, 4, 40, ' Boalia-বোয়ালিয়া ', '2018-01-30 01:21:13', '2018-01-30 01:21:13'),
(331, 4, 40, ' Matihar-মতিহর ', '2018-01-30 01:21:13', '2018-01-30 01:21:13'),
(332, 4, 40, ' Rajpara-রাজপাড়া ', '2018-01-30 01:21:13', '2018-01-30 01:21:13'),
(333, 4, 40, ' Shah Mokdum-শাহ মকদুম ', '2018-01-30 01:21:13', '2018-01-30 01:21:13'),
(335, 4, 40, ' Bagmara-বাঘমারা ', '2018-01-30 01:21:13', '2018-01-30 01:21:13'),
(336, 4, 40, ' Charghat-চরঘাট ', '2018-01-30 01:21:13', '2018-01-30 01:21:13'),
(337, 4, 40, ' Durgapur-দর্গাপুর ', '2018-01-30 01:21:13', '2018-01-30 01:21:13'),
(338, 4, 40, ' Godagari-গোদগাড়ী ', '2018-01-30 01:21:13', '2018-01-30 01:21:13'),
(339, 4, 40, ' Mohanpur-মোহনপুর ', '2018-01-30 01:21:13', '2018-01-30 01:21:13'),
(360, 4, 41, ' Adamdighi-আদমদিঘি ', '2018-01-30 01:21:13', '2018-01-30 01:21:13'),
(361, 4, 41, ' Bogra Sadar-বগুড়া সদর ', '2018-01-30 01:21:13', '2018-01-30 01:21:13'),
(362, 4, 41, ' Dhunat-ধনুট ', '2018-01-30 01:21:13', '2018-01-30 01:21:13'),
(363, 4, 41, ' Dhupchanchia-দুপচাচিয়া ', '2018-01-30 01:21:13', '2018-01-30 01:21:13'),
(364, 4, 41, ' Gabtali-গাবতলী ', '2018-01-30 01:21:13', '2018-01-30 01:21:13'),
(365, 4, 41, ' Kahaloo-কাহালু ', '2018-01-30 01:21:13', '2018-01-30 01:21:13'),
(366, 4, 41, ' Nandigram-নন্দীগ্রাম ', '2018-01-30 01:21:13', '2018-01-30 01:21:13'),
(367, 4, 41, ' Sariakandi-সারিয়াকান্দী ', '2018-01-30 01:21:13', '2018-01-30 01:21:13'),
(368, 4, 41, ' Shajahanpur-শাজাহানপুর ', '2018-01-30 01:21:13', '2018-01-30 01:21:13'),
(369, 4, 41, ' Sherpur-শেরপুর ', '2018-01-30 01:21:13', '2018-01-30 01:21:13'),
(370, 4, 41, ' Shibganj-শিবগঞ্জ ', '2018-01-30 01:21:13', '2018-01-30 01:21:13'),
(371, 4, 41, ' Sonatola-সোনাতলা ', '2018-01-30 01:21:13', '2018-01-30 01:21:13'),
(372, 4, 42, ' Akkelpur-আক্কেলপুর ', '2018-01-30 01:21:13', '2018-01-30 01:21:13'),
(373, 4, 42, ' Joypurhat Sadar-জয়পুরহাট ', '2018-01-30 01:21:13', '2018-01-30 01:21:13'),
(374, 4, 42, ' Kalai-কালাই ', '2018-01-30 01:21:13', '2018-01-30 01:21:13'),
(375, 4, 42, ' Khetlal-খেতলাল ', '2018-01-30 01:21:13', '2018-01-30 01:21:13'),
(376, 4, 42, ' Panchbibi-পাঁচবিবি ', '2018-01-30 01:21:13', '2018-01-30 01:21:13'),
(377, 4, 43, ' Atrai-আত্রাই ', '2018-01-30 01:21:13', '2018-01-30 01:21:13'),
(378, 4, 43, ' Badalgachhi-বাদলগাছি ', '2018-01-30 01:21:13', '2018-01-30 01:21:13'),
(379, 4, 43, ' Manda-মান্দা ', '2018-01-30 01:21:13', '2018-01-30 01:21:13'),
(380, 4, 43, ' Dhamoirhat-ধামুরহাট ', '2018-01-30 01:21:13', '2018-01-30 01:21:13'),
(381, 4, 43, ' Mohadevpur-মহাদেবপুর ', '2018-01-30 01:21:13', '2018-01-30 01:21:13'),
(382, 4, 43, ' Naogaon Sadar-নওগা সদর ', '2018-01-30 01:21:13', '2018-01-30 01:21:13'),
(383, 4, 43, ' Niamatpur-নিয়ামতপুর ', '2018-01-30 01:21:13', '2018-01-30 01:21:13'),
(384, 4, 43, ' Patnitala-পত্নীতলা ', '2018-01-30 01:21:13', '2018-01-30 01:21:13'),
(385, 4, 43, ' Porsha-পরসা ', '2018-01-30 01:21:13', '2018-01-30 01:21:13'),
(386, 4, 43, ' Raninagar-রানিনগর ', '2018-01-30 01:21:13', '2018-01-30 01:21:13'),
(387, 4, 43, ' Sapahar-শাপাহার ', '2018-01-30 01:21:13', '2018-01-30 01:21:13'),
(388, 4, 44, ' Bagatipara-বাগাতিপাড়া ', '2018-01-30 01:21:13', '2018-01-30 01:21:13'),
(389, 4, 44, ' Baraigram-বড়াইগ্রামে- ', '2018-01-30 01:21:13', '2018-01-30 01:21:13'),
(390, 4, 44, ' Gurudaspur-গুরুদাসপুর ', '2018-01-30 01:21:13', '2018-01-30 01:21:13'),
(391, 4, 44, ' Lalpur-লালপুর ', '2018-01-30 01:21:13', '2018-01-30 01:21:13'),
(392, 4, 44, ' Natore Sadar-নাটোর সদর ', '2018-01-30 01:21:13', '2018-01-30 01:21:13'),
(393, 4, 44, ' Singra-সিংরা ', '2018-01-30 01:21:13', '2018-01-30 01:21:13'),
(394, 4, 44, ' Naldanga-নলডাঙ্গা ', '2018-01-30 01:21:13', '2018-01-30 01:21:13'),
(395, 4, 45, ' Bholahat-ভোলাহাট ', '2018-01-30 01:21:13', '2018-01-30 01:21:13'),
(396, 4, 45, ' Gomastapur-গোমস্তাপুর ', '2018-01-30 01:21:13', '2018-01-30 01:21:13'),
(397, 4, 45, ' Nachole-নাচোল ', '2018-01-30 01:21:13', '2018-01-30 01:21:13'),
(398, 4, 45, ' Nawabganj Sadar-নবাবগঞ্জ সদর ', '2018-01-30 01:21:13', '2018-01-30 01:21:13'),
(399, 4, 45, ' Shibganj-শিবগঞ্জ ', '2018-01-30 01:21:13', '2018-01-30 01:21:13'),
(400, 4, 46, ' Ataikula-আতাইকুলা ', '2018-01-30 01:21:13', '2018-01-30 01:21:13'),
(401, 4, 46, ' Atgharia-আতঘারিয়া ', '2018-01-30 01:21:13', '2018-01-30 01:21:13'),
(402, 4, 46, ' Bera-বেড়া ', '2018-01-30 01:21:13', '2018-01-30 01:21:13'),
(403, 4, 46, ' Bhangura-ভাঙ্গুরা ', '2018-01-30 01:21:13', '2018-01-30 01:21:13'),
(404, 4, 46, ' Chatmohar-চাদমোহর ', '2018-01-30 01:21:13', '2018-01-30 01:21:13'),
(405, 4, 46, ' Faridpur-ফরিদপুর ', '2018-01-30 01:21:13', '2018-01-30 01:21:13'),
(406, 4, 46, ' Ishwardi-ইশ্বরদি ', '2018-01-30 01:21:13', '2018-01-30 01:21:13'),
(407, 4, 46, ' Pabna Sadar-পাবনা সদর ', '2018-01-30 01:21:13', '2018-01-30 01:21:13'),
(408, 4, 46, ' Santhia-সান্তিয়া ', '2018-01-30 01:21:13', '2018-01-30 01:21:13'),
(409, 4, 46, ' Sujanagar-সুজানগর ', '2018-01-30 01:21:13', '2018-01-30 01:21:13'),
(410, 4, 47, ' Belkuchi-বেলকুচি ', '2018-01-30 01:21:13', '2018-01-30 01:21:13'),
(411, 4, 47, ' Chauhali-চৌহালি ', '2018-01-30 01:21:13', '2018-01-30 01:21:13'),
(412, 4, 47, ' Kamarkhanda-কামারখন্দ ', '2018-01-30 01:21:13', '2018-01-30 01:21:13'),
(413, 4, 47, ' Kazipur-কাজিপুর ', '2018-01-30 01:21:13', '2018-01-30 01:21:13'),
(414, 4, 47, ' Raiganj-রাইগঞ্জ ', '2018-01-30 01:21:13', '2018-01-30 01:21:13'),
(415, 4, 47, ' Shahjadpur-শাহজাদপুর ', '2018-01-30 01:21:13', '2018-01-30 01:21:13'),
(416, 4, 47, ' Sirajganj Sadar-সিরাজগঞ্জ সদর ', '2018-01-30 01:21:13', '2018-01-30 01:21:13'),
(417, 4, 47, ' Tarash-তাড়াশ ', '2018-01-30 01:21:13', '2018-01-30 01:21:13'),
(418, 4, 47, ' Ullahpara-উল্লাপাড়া', '2018-01-30 01:21:13', '2018-01-30 01:21:13'),
(419, 5, 48, ' Balaganj-বালাগঞ্জ ', '2018-01-30 01:21:13', '2018-01-30 01:21:13'),
(420, 5, 48, ' Beanibazar-বিয়ানিবাজার ', '2018-01-30 01:21:13', '2018-01-30 01:21:13'),
(421, 5, 48, ' Bishwanath-বিশ্বনাথ ', '2018-01-30 01:21:13', '2018-01-30 01:21:13'),
(422, 5, 48, ' Companigonj-কোম্পানিগঞ্জ ', '2018-01-30 01:21:13', '2018-01-30 01:21:13'),
(423, 5, 48, ' Fenchuganj-ফেঞ্চুগঞ্জ ', '2018-01-30 01:21:13', '2018-01-30 01:21:13'),
(424, 5, 48, ' Golapganj-গোলাবগঞ্জ ', '2018-01-30 01:21:13', '2018-01-30 01:21:13'),
(425, 5, 48, ' Gowainghat-গোয়াইনঘাট ', '2018-01-30 01:21:13', '2018-01-30 01:21:13'),
(426, 5, 48, ' Jaintiapur-জৈন্তাপুর ', '2018-01-30 01:21:13', '2018-01-30 01:21:13'),
(427, 5, 48, ' Kanaighat-কানাইঘাট ', '2018-01-30 01:21:13', '2018-01-30 01:21:13'),
(428, 5, 48, ' Sylhet Sadar-সিলেট সদর ', '2018-01-30 01:21:13', '2018-01-30 01:21:13'),
(429, 5, 48, ' Zakiganj-জকিগঞ্জ ', '2018-01-30 01:21:13', '2018-01-30 01:21:13'),
(430, 5, 48, ' South Shurma-দক্ষিণ সুরমা ', '2018-01-30 01:21:13', '2018-01-30 01:21:13'),
(431, 5, 49, ' Ajmiriganj-আজমিরিগঞ্জ ', '2018-01-30 01:21:13', '2018-01-30 01:21:13'),
(432, 5, 49, ' Bahubal-বহুবল ', '2018-01-30 01:21:13', '2018-01-30 01:21:13'),
(433, 5, 49, ' Baniyachong-বানিয়াচং ', '2018-01-30 01:21:13', '2018-01-30 01:21:13'),
(434, 5, 49, ' Chunarughat-চুনারুঘাট ', '2018-01-30 01:21:13', '2018-01-30 01:21:13'),
(435, 5, 49, ' Habiganj Sadar-হবিগঞ্জ সদর ', '2018-01-30 01:21:13', '2018-01-30 01:21:13'),
(436, 5, 49, ' Lakhai-লাখাই ', '2018-01-30 01:21:13', '2018-01-30 01:21:13'),
(437, 5, 49, ' Madhabpur-মাধবপুর ', '2018-01-30 01:21:13', '2018-01-30 01:21:13'),
(438, 5, 49, ' Nabiganj-নবীগঞ্জ ', '2018-01-30 01:21:13', '2018-01-30 01:21:13'),
(439, 5, 50, ' Barlekha-বড়লেখা ', '2018-01-30 01:21:13', '2018-01-30 01:21:13'),
(440, 5, 50, ' Kamalganj-কামালগঞ্জ ', '2018-01-30 01:21:13', '2018-01-30 01:21:13'),
(441, 5, 50, ' Kulaura-কুলাউড়া ', '2018-01-30 01:21:13', '2018-01-30 01:21:13'),
(442, 5, 50, ' Moulvibazar Sadar-মউলবিবাজার সদর ', '2018-01-30 01:21:13', '2018-01-30 01:21:13'),
(443, 5, 50, ' Rajnagar-রাজনগর ', '2018-01-30 01:21:13', '2018-01-30 01:21:13'),
(444, 5, 50, ' Sreemangal-শ্রীমঙ্গল ', '2018-01-30 01:21:13', '2018-01-30 01:21:13'),
(445, 5, 50, ' Juri-জুরি ', '2018-01-30 01:21:13', '2018-01-30 01:21:13'),
(446, 5, 51, ' Bishwamvarpur-বিশ্বম্ভরপুর ', '2018-01-30 01:21:13', '2018-01-30 01:21:13'),
(447, 5, 51, ' Chhatak-ছাতক ', '2018-01-30 01:21:13', '2018-01-30 01:21:13'),
(448, 5, 51, ' Derai-দিরাই ', '2018-01-30 01:21:13', '2018-01-30 01:21:13'),
(449, 5, 51, ' Dharampasha-ধর্র্মপাশা ', '2018-01-30 01:21:13', '2018-01-30 01:21:13'),
(450, 5, 51, ' Dowarabazar-দোয়ারাবাজার ', '2018-01-30 01:21:13', '2018-01-30 01:21:13'),
(451, 5, 51, ' Jagannathpur-জগন্নাথপুর ', '2018-01-30 01:21:13', '2018-01-30 01:21:13'),
(452, 5, 51, ' Jamalganj-জামালগঞ্জ ', '2018-01-30 01:21:13', '2018-01-30 01:21:13'),
(453, 5, 51, ' Sullah-সুল্লাহ ', '2018-01-30 01:21:13', '2018-01-30 01:21:13'),
(454, 5, 51, ' Sunamganj Sadar-সুনামগঞ্জ সদর ', '2018-01-30 01:21:13', '2018-01-30 01:21:13'),
(455, 5, 51, ' Tahirpur-তাহিরপুর ', '2018-01-30 01:21:13', '2018-01-30 01:21:13'),
(456, 5, 51, ' South Sunamganj-দক্ষিন সুনামগঞ্জ ', '2018-01-30 01:21:13', '2018-01-30 01:21:13'),
(457, 6, 52, ' Badarganj-বদরগঞ্জ ', '2018-01-30 01:21:13', '2018-01-30 01:21:13'),
(458, 6, 52, ' Gangachhara-গংগাচড়া ', '2018-01-30 01:21:13', '2018-01-30 01:21:13'),
(459, 6, 52, ' Kaunia-কাউনিয়া ', '2018-01-30 01:21:13', '2018-01-30 01:21:13'),
(460, 6, 52, ' Rangpur Sadar-রংপুর সদর ', '2018-01-30 01:21:13', '2018-01-30 01:21:13'),
(461, 6, 52, ' Mithapukur-মিঠাপুকুর ', '2018-01-30 01:21:13', '2018-01-30 01:21:13'),
(462, 6, 52, ' Pirgachha-পীরগাছা ', '2018-01-30 01:21:13', '2018-01-30 01:21:13'),
(463, 6, 52, ' Pirganj-পীরগঞ্জ ', '2018-01-30 01:21:13', '2018-01-30 01:21:13'),
(464, 6, 52, ' Taraganj-তারাগঞ্জ ', '2018-01-30 01:21:13', '2018-01-30 01:21:13'),
(465, 6, 53, ' Birampur-বিরামপুর ', '2018-01-30 01:21:13', '2018-01-30 01:21:13'),
(466, 6, 53, ' Birganj-বিরগঞ্জ ', '2018-01-30 01:21:13', '2018-01-30 01:21:13'),
(467, 6, 53, ' Biral-বিরল ', '2018-01-30 01:21:13', '2018-01-30 01:21:13'),
(468, 6, 53, ' Bochaganj-বোচাগঞ্জ ', '2018-01-30 01:21:13', '2018-01-30 01:21:13'),
(469, 6, 53, ' Chirirbandar-চিরিরবন্দর ', '2018-01-30 01:21:13', '2018-01-30 01:21:13'),
(470, 6, 53, ' Phulbari-ফুলবাড়ী ', '2018-01-30 01:21:13', '2018-01-30 01:21:13'),
(471, 6, 53, ' Ghoraghat-ঘোড়াঘাট ', '2018-01-30 01:21:13', '2018-01-30 01:21:13'),
(472, 6, 53, ' Hakimpur-হাকিমপুর ', '2018-01-30 01:21:13', '2018-01-30 01:21:13'),
(473, 6, 53, ' Kaharole-কাহারোল ', '2018-01-30 01:21:13', '2018-01-30 01:21:13'),
(474, 6, 53, ' Khansama-খানসামা ', '2018-01-30 01:21:13', '2018-01-30 01:21:13'),
(475, 6, 53, ' Dinajpur Sadar-দিনাজপুর সদর ', '2018-01-30 01:21:13', '2018-01-30 01:21:13'),
(476, 6, 53, ' Nawabganj-নওয়া্বগঞ্জ ', '2018-01-30 01:21:13', '2018-01-30 01:21:13'),
(477, 6, 53, ' Parbatipur-পার্বতীপুর ', '2018-01-30 01:21:13', '2018-01-30 01:21:13'),
(478, 6, 54, ' Phulchhari-ফুলছড়ি ', '2018-01-30 01:21:13', '2018-01-30 01:21:13'),
(479, 6, 54, ' Gaibandha Sadar-গাইবান্ধা সদর ', '2018-01-30 01:21:13', '2018-01-30 01:21:13'),
(480, 6, 54, ' Gobindaganj-গোবিন্দগঞ্জ ', '2018-01-30 01:21:13', '2018-01-30 01:21:13'),
(481, 6, 54, ' Palashbari-পলাশবাড়ী ', '2018-01-30 01:21:13', '2018-01-30 01:21:13'),
(482, 6, 54, ' Sadullapur-সাদুল্লাপুর', '2018-01-30 01:21:13', '2018-01-30 01:21:13'),
(483, 6, 54, ' Sughatta-সাঘাটা ', '2018-01-30 01:21:13', '2018-01-30 01:21:13'),
(484, 6, 54, ' Sundarganj-সুন্দরগঞ্জ ', '2018-01-30 01:21:13', '2018-01-30 01:21:13'),
(485, 6, 55, ' Bhurungamari-বরুঙ্গামারি ', '2018-01-30 01:21:13', '2018-01-30 01:21:13'),
(486, 6, 55, ' Char Rajibpur-চর রাজাপুর ', '2018-01-30 01:21:13', '2018-01-30 01:21:13'),
(487, 6, 55, ' Chilmari-চিলমারি ', '2018-01-30 01:21:13', '2018-01-30 01:21:13'),
(488, 6, 55, ' Phulbari-ফুলবাড়ী ', '2018-01-30 01:21:13', '2018-01-30 01:21:13'),
(489, 6, 55, ' Kurigram Sadar-কুরিগ্রমি সদর ', '2018-01-30 01:21:13', '2018-01-30 01:21:13'),
(490, 6, 55, ' Nageshwari-নাগেশ্বরী ', '2018-01-30 01:21:13', '2018-01-30 01:21:13'),
(491, 6, 55, ' Rajarhat-রাজারহাট ', '2018-01-30 01:21:13', '2018-01-30 01:21:13'),
(492, 6, 55, ' Raomari-রৗমারী ', '2018-01-30 01:21:13', '2018-01-30 01:21:13'),
(493, 6, 55, ' Ulipur-উলিপুর ', '2018-01-30 01:21:13', '2018-01-30 01:21:13'),
(494, 6, 56, ' Aditmari-অদিতমারি ', '2018-01-30 01:21:13', '2018-01-30 01:21:13'),
(495, 6, 56, ' Hatibandha-হতিবান্ধা ', '2018-01-30 01:21:13', '2018-01-30 01:21:13'),
(496, 6, 56, ' Kaliganj-কালিগঞ্জ ', '2018-01-30 01:21:13', '2018-01-30 01:21:13'),
(497, 6, 56, ' Lalmonirhat Sadar-লালমনিরহাট সদর ', '2018-01-30 01:21:13', '2018-01-30 01:21:13'),
(498, 6, 56, ' Patgram-পাটগ্রাম ', '2018-01-30 01:21:13', '2018-01-30 01:21:13'),
(499, 6, 57, ' Dimla-ডিমলা ', '2018-01-30 01:21:13', '2018-01-30 01:21:13'),
(500, 6, 57, ' Domar-ডোমার  ', '2018-01-30 01:21:13', '2018-01-30 01:21:13'),
(501, 6, 57, ' Jaldhaka-জলঢাকা ', '2018-01-30 01:21:13', '2018-01-30 01:21:13'),
(502, 6, 57, ' Kishoreganj-কিশোরগঞ্জ ', '2018-01-30 01:21:13', '2018-01-30 01:21:13'),
(503, 6, 57, ' Nilphamari Sadar-নীলফামারি সদর ', '2018-01-30 01:21:13', '2018-01-30 01:21:13'),
(504, 6, 57, ' Saidpur-সৈয়দপুর ', '2018-01-30 01:21:13', '2018-01-30 01:21:13'),
(505, 6, 58, ' Atwari-আতওয়ারি ', '2018-01-30 01:21:13', '2018-01-30 01:21:13'),
(506, 6, 58, ' Boda-বোদা ', '2018-01-30 01:21:13', '2018-01-30 01:21:13'),
(507, 6, 58, ' Debiganj-দেবিগঞ্জ ', '2018-01-30 01:21:13', '2018-01-30 01:21:13'),
(508, 6, 58, ' Panchagarh Sadar-পঞ্চগড় সদর ', '2018-01-30 01:21:13', '2018-01-30 01:21:13'),
(509, 6, 58, ' Tetulia-তেতুলিয়া ', '2018-01-30 01:21:13', '2018-01-30 01:21:13'),
(510, 6, 59, ' Baliadangi-বালিয়াডাঙ্গি ', '2018-01-30 01:21:13', '2018-01-30 01:21:13'),
(511, 6, 59, ' Haripur-হরিপুর ', '2018-01-30 01:21:13', '2018-01-30 01:21:13'),
(512, 6, 59, ' Pirganj-পীরগঞ্জ ', '2018-01-30 01:21:13', '2018-01-30 01:21:13'),
(513, 6, 59, ' Ranisankail-রানিসংকাইল ', '2018-01-30 01:21:13', '2018-01-30 01:21:13'),
(514, 6, 59, ' Thakurgaon Sadar-ঠাকুরগাঁ ', '2018-01-30 01:21:13', '2018-01-30 01:21:13'),
(515, 7, 60, ' Batiaghata-বাতিয়ঘাটা ', '2018-01-30 01:21:13', '2018-01-30 01:21:13'),
(516, 7, 60, ' Dacope-দাকোপ ', '2018-01-30 01:21:13', '2018-01-30 01:21:13'),
(517, 7, 60, ' Dumuria-ডুমুরিয়া ', '2018-01-30 01:21:13', '2018-01-30 01:21:13'),
(518, 7, 60, ' Dighalia-দিঘালিয়া ', '2018-01-30 01:21:13', '2018-01-30 01:21:13'),
(519, 7, 60, ' Koyra-কয়রা ', '2018-01-30 01:21:13', '2018-01-30 01:21:13'),
(520, 7, 60, ' Paikgachha-পাইকগাছা ', '2018-01-30 01:21:13', '2018-01-30 01:21:13'),
(521, 7, 60, ' Phultala-ফুলতলা ', '2018-01-30 01:21:13', '2018-01-30 01:21:13'),
(522, 7, 60, ' Rupsha-রুপসা ', '2018-01-30 01:21:13', '2018-01-30 01:21:13'),
(523, 7, 60, ' Terokhada-তেরখাদা ', '2018-01-30 01:21:13', '2018-01-30 01:21:13'),
(524, 7, 60, ' Daulatpur-দৌলতপুর ', '2018-01-30 01:21:13', '2018-01-30 01:21:13'),
(525, 7, 60, ' Khalishpur-খালিশপুর ', '2018-01-30 01:21:13', '2018-01-30 01:21:13'),
(526, 7, 60, ' Khan Jahan Ali-খান যাহান আলি ', '2018-01-30 01:21:13', '2018-01-30 01:21:13'),
(527, 7, 60, ' Kotwali-কতোয়ালী ', '2018-01-30 01:21:13', '2018-01-30 01:21:13'),
(528, 7, 60, ' Sonadanga-সোনাডাঙ্গা ', '2018-01-30 01:21:13', '2018-01-30 01:21:13'),
(529, 7, 60, ' Harintana-হরিনটানা ', '2018-01-30 01:21:13', '2018-01-30 01:21:13'),
(530, 7, 61, ' Bagerhat Sadar-বাঘেরহাট সদর ', '2018-01-30 01:21:13', '2018-01-30 01:21:13'),
(531, 7, 61, ' Chitalmari-চিতলমারি ', '2018-01-30 01:21:13', '2018-01-30 01:21:13'),
(532, 7, 61, ' Fakirhat-ফকিরহাট ', '2018-01-30 01:21:13', '2018-01-30 01:21:13'),
(533, 7, 61, ' Kachua-কচুয়া ', '2018-01-30 01:21:13', '2018-01-30 01:21:13'),
(534, 7, 61, ' Mollahat-মোল্লাহাট ', '2018-01-30 01:21:13', '2018-01-30 01:21:13'),
(535, 7, 61, ' Mongla-মংলা ', '2018-01-30 01:21:13', '2018-01-30 01:21:13'),
(536, 7, 61, ' Morrelganj-মোরেলগঞ্জ ', '2018-01-30 01:21:13', '2018-01-30 01:21:13'),
(537, 7, 61, ' Rampal-রামপাল ', '2018-01-30 01:21:13', '2018-01-30 01:21:13'),
(538, 7, 61, ' Sarankhola-সরনখোলা ', '2018-01-30 01:21:13', '2018-01-30 01:21:13'),
(539, 7, 62, ' Alamdanga-আলমডাঙ্গা ', '2018-01-30 01:21:13', '2018-01-30 01:21:13'),
(540, 7, 62, ' Chuadanga Sadar-চুয়াডাঙ্গা সদর ', '2018-01-30 01:21:13', '2018-01-30 01:21:13'),
(541, 7, 62, ' Damurhuda-দামুরহুদা ', '2018-01-30 01:21:13', '2018-01-30 01:21:13'),
(542, 7, 62, ' Jibannagar-জীবননগর ', '2018-01-30 01:21:13', '2018-01-30 01:21:13'),
(543, 7, 63, ' Abhaynagar-অভয়নগর ', '2018-01-30 01:21:13', '2018-01-30 01:21:13'),
(544, 7, 63, ' Bagherpara-বাঘারপাড়া ', '2018-01-30 01:21:13', '2018-01-30 01:21:13'),
(545, 7, 63, ' Chaugachha-চৌগাছা  ', '2018-01-30 01:21:13', '2018-01-30 01:21:13'),
(546, 7, 63, ' Jhikargachha-ঝিকরগাছা ', '2018-01-30 01:21:13', '2018-01-30 01:21:13'),
(547, 7, 63, ' Keshabpur-কেসবপুর ', '2018-01-30 01:21:13', '2018-01-30 01:21:13'),
(548, 7, 63, ' Jessore Sadar-যশোর সদর ', '2018-01-30 01:21:13', '2018-01-30 01:21:13'),
(549, 7, 63, ' Manirampur-মনিরামপুর ', '2018-01-30 01:21:13', '2018-01-30 01:21:13'),
(550, 7, 63, ' Sharsha-শার্শা  ', '2018-01-30 01:21:13', '2018-01-30 01:21:13'),
(551, 7, 64, ' Harinakunda-হরিণাকুণ্ড ', '2018-01-30 01:21:13', '2018-01-30 01:21:13'),
(552, 7, 64, ' Jhenaidah Sadar-ঝিনাইদহ সদর ', '2018-01-30 01:21:13', '2018-01-30 01:21:13'),
(553, 7, 64, ' Kaliganj-কালিগঞ্জ ', '2018-01-30 01:21:13', '2018-01-30 01:21:13'),
(554, 7, 64, ' Kotchandpur-কোটচাঁদপুর ', '2018-01-30 01:21:13', '2018-01-30 01:21:13'),
(555, 7, 64, ' Maheshpur-মহেসপুর ', '2018-01-30 01:21:13', '2018-01-30 01:21:13'),
(556, 7, 64, ' Shailkupa-শৈলকুপা ', '2018-01-30 01:21:13', '2018-01-30 01:21:13'),
(557, 7, 65, ' Bheramara-ভেড়ামারা ', '2018-01-30 01:21:13', '2018-01-30 01:21:13'),
(558, 7, 65, ' Daulatpur-দৌলতপুর ', '2018-01-30 01:21:13', '2018-01-30 01:21:13'),
(559, 7, 65, ' Khoksa-খোকসা ', '2018-01-30 01:21:13', '2018-01-30 01:21:13'),
(560, 7, 65, ' Kumarkhali-কুমারখালী  ', '2018-01-30 01:21:13', '2018-01-30 01:21:13'),
(561, 7, 65, ' Kushtia Sadar-কুষ্ঠিয়া সদর ', '2018-01-30 01:21:13', '2018-01-30 01:21:13'),
(562, 7, 65, ' Mirpur-মিরপুর ', '2018-01-30 01:21:13', '2018-01-30 01:21:13'),
(563, 7, 65, ' Shekhpara-শেখপারা ', '2018-01-30 01:21:13', '2018-01-30 01:21:13'),
(564, 7, 66, ' Magura Sadar-মাগুরা সদর ', '2018-01-30 01:21:13', '2018-01-30 01:21:13'),
(565, 7, 66, ' Mohammadpur-মোহাম্মদপুর ', '2018-01-30 01:21:13', '2018-01-30 01:21:13'),
(566, 7, 66, ' Shalikha-শালিখা ', '2018-01-30 01:21:13', '2018-01-30 01:21:13'),
(567, 7, 66, ' Sreepur-শ্রীপুর ', '2018-01-30 01:21:13', '2018-01-30 01:21:13'),
(568, 7, 67, ' Gangni-গাংনি ', '2018-01-30 01:21:13', '2018-01-30 01:21:13'),
(569, 7, 67, ' Meherpur Sadar-মেহেরপুর সদর ', '2018-01-30 01:21:13', '2018-01-30 01:21:13'),
(570, 7, 67, ' Mujibnagar-মুজিবনগর ', '2018-01-30 01:21:13', '2018-01-30 01:21:13'),
(571, 7, 68, ' Kalia-কালিয়া ', '2018-01-30 01:21:13', '2018-01-30 01:21:13'),
(572, 7, 68, ' Lohagara-লোহাগড়া ', '2018-01-30 01:21:13', '2018-01-30 01:21:13'),
(573, 7, 68, ' Narail Sadar-নরাইল সদর ', '2018-01-30 01:21:13', '2018-01-30 01:21:13'),
(574, 7, 68, ' Naragati-নারাগাতি ', '2018-01-30 01:21:13', '2018-01-30 01:21:13'),
(575, 7, 69, ' Assasuni-আশাশুনি ', '2018-01-30 01:21:13', '2018-01-30 01:21:13'),
(576, 7, 69, ' Debhata-দেবহাতা ', '2018-01-30 01:21:13', '2018-01-30 01:21:13'),
(577, 7, 69, ' Kalaroa-কলারোয়া ', '2018-01-30 01:21:13', '2018-01-30 01:21:13'),
(578, 7, 69, ' Kaliganj-কালিগঞ্জ ', '2018-01-30 01:21:13', '2018-01-30 01:21:13'),
(579, 7, 69, ' Satkhira Sadar-সাতকিরা সদর ', '2018-01-30 01:21:13', '2018-01-30 01:21:13'),
(580, 7, 69, ' Shyamnagar-শ্যামনগর  ', '2018-01-30 01:21:13', '2018-01-30 01:21:13'),
(581, 7, 69, ' Tala-তালা ', '2018-01-30 01:21:13', '2018-01-30 01:21:13');

-- --------------------------------------------------------

--
-- Table structure for table `teachers`
--

CREATE TABLE `teachers` (
  `id` int(10) UNSIGNED NOT NULL,
  `name` varchar(191) COLLATE utf8mb4_unicode_ci NOT NULL,
  `title` varchar(191) COLLATE utf8mb4_unicode_ci NOT NULL,
  `email` varchar(191) COLLATE utf8mb4_unicode_ci NOT NULL,
  `mobile` varchar(191) COLLATE utf8mb4_unicode_ci NOT NULL,
  `url` varchar(191) COLLATE utf8mb4_unicode_ci NOT NULL,
  `biography` text COLLATE utf8mb4_unicode_ci NOT NULL,
  `image` varchar(191) COLLATE utf8mb4_unicode_ci NOT NULL,
  `slug` varchar(191) COLLATE utf8mb4_unicode_ci NOT NULL,
  `facebook_profile` varchar(191) COLLATE utf8mb4_unicode_ci NOT NULL,
  `twitter_profile` varchar(191) COLLATE utf8mb4_unicode_ci NOT NULL,
  `linkedin_profile` varchar(191) COLLATE utf8mb4_unicode_ci NOT NULL,
  `skype_profile` varchar(191) COLLATE utf8mb4_unicode_ci NOT NULL,
  `status` enum('active','inactive','suspended') COLLATE utf8mb4_unicode_ci NOT NULL DEFAULT 'active',
  `created_at` timestamp NULL DEFAULT NULL,
  `updated_at` timestamp NULL DEFAULT NULL
) ENGINE=InnoDB DEFAULT CHARSET=utf8mb4 COLLATE=utf8mb4_unicode_ci;

--
-- Dumping data for table `teachers`
--

INSERT INTO `teachers` (`id`, `name`, `title`, `email`, `mobile`, `url`, `biography`, `image`, `slug`, `facebook_profile`, `twitter_profile`, `linkedin_profile`, `skype_profile`, `status`, `created_at`, `updated_at`) VALUES
(4, 'Liton Miah', 'Sr. Faculty', 'letoncse7@gmail.com', '01815555566', 'https://www.piit.us/en/faculty/4/leton-miah', '<p>As a web application developer I involved in creating, developing, benchmarking, verifying and testing of various online web applications which are mainly based upon online interaction.To take a challenging and high performance oriented role in the field of Software Engineering and implement the expertise and experience gained in this field to develop complex project with efficiency and quality.</p>', 'upload/tutors/50q5G1gnOSMEhliircAm.jpg', 'liton-miah', 'peopleNtech', 'peopleNtech', 'peopleNtech', 'peopleNtech', 'active', '2018-02-13 22:44:25', '2018-02-15 00:53:24'),
(5, 'Quazi Mahmudul Huq', 'Sr. Faculty', 'quazimahmudulhuq@gmail.com', '01799446655', 'https://www.piit.us/en/faculty/5/quazi-mahmudul-huq', '<p>I want to be a professional of Server and Networking in such an IT sector where the work environment will be the key to motivation. A challenging position is required that will allow me the opportunity to proof myself and to contribute my experience, education, and skills.</p>', 'upload/tutors/yMYcPojFY6zmjY19DKsK.png', 'quazi-mahmudul-huq', 'peopleNtech', 'peopleNtech', 'peopleNtech', 'peopleNtech', 'active', '2018-02-13 22:47:56', '2018-02-13 23:33:41'),
(6, 'Hafizur Rahman', 'Fculty Cum Web Developer', 'hafizur.piit@gmail.com', '01739981172', 'https://www.coderpick.com', '<p>I\'ve been working as a Professional Front and Back End Web Developer for the last 3+ years where I have been structuring, developing and interactive web products.</p>\r\n<p>\"</p>', 'upload/tutors/6JjooRG4Yi0g53sQGT4Q.jpg', 'hafizur-rahman', 'hafizuritp', 'coderpick', 'in/hafizur-rahman-8b578488/', 'hafizur.24', 'active', '2018-02-17 00:05:27', '2018-02-17 00:10:17');

-- --------------------------------------------------------

--
-- Table structure for table `teacher_educations`
--

CREATE TABLE `teacher_educations` (
  `id` int(10) UNSIGNED NOT NULL,
  `teacher_id` int(10) UNSIGNED NOT NULL,
  `title` varchar(191) COLLATE utf8mb4_unicode_ci NOT NULL,
  `description` text COLLATE utf8mb4_unicode_ci NOT NULL,
  `created_at` timestamp NULL DEFAULT NULL,
  `updated_at` timestamp NULL DEFAULT NULL
) ENGINE=InnoDB DEFAULT CHARSET=utf8mb4 COLLATE=utf8mb4_unicode_ci;

--
-- Dumping data for table `teacher_educations`
--

INSERT INTO `teacher_educations` (`id`, `teacher_id`, `title`, `description`, `created_at`, `updated_at`) VALUES
(1, 4, 'M.Sc', 'Complete', '2018-02-16 23:23:25', '2018-02-16 23:23:25'),
(2, 4, 'B.Sc in Computer Science and Engineering', 'Complete', '2018-02-16 23:23:45', '2018-02-16 23:58:29'),
(3, 5, 'B.Sc', 'Complete', '2018-02-16 23:32:19', '2018-02-16 23:32:19'),
(5, 6, 'M.Sc', 'Complete', '2018-02-17 00:06:55', '2018-02-17 00:06:55'),
(6, 6, 'B.Sc', 'Complete', '2018-02-17 00:06:59', '2018-02-17 00:06:59'),
(7, 6, 'HSC', 'Complete', '2018-02-17 00:07:15', '2018-02-17 00:07:15');

-- --------------------------------------------------------

--
-- Table structure for table `teacher_skills`
--

CREATE TABLE `teacher_skills` (
  `id` int(10) UNSIGNED NOT NULL,
  `teacher_id` int(10) UNSIGNED NOT NULL,
  `title` varchar(191) COLLATE utf8mb4_unicode_ci NOT NULL,
  `skilllimit` int(11) NOT NULL,
  `created_at` timestamp NULL DEFAULT NULL,
  `updated_at` timestamp NULL DEFAULT NULL
) ENGINE=InnoDB DEFAULT CHARSET=utf8mb4 COLLATE=utf8mb4_unicode_ci;

--
-- Dumping data for table `teacher_skills`
--

INSERT INTO `teacher_skills` (`id`, `teacher_id`, `title`, `skilllimit`, `created_at`, `updated_at`) VALUES
(1, 5, 'CCNA', 90, '2018-02-14 02:53:23', '2018-02-14 05:01:15'),
(2, 5, 'Hardware', 90, '2018-02-14 02:54:19', '2018-02-14 05:01:54'),
(4, 4, 'CSS', 90, '2018-02-14 02:55:36', '2018-02-14 05:00:42'),
(6, 4, 'JAVASCRIPT', 75, '2018-02-14 04:11:14', '2018-02-14 04:11:14'),
(7, 4, 'JQUERY', 85, '2018-02-14 04:16:15', '2018-02-14 04:16:15'),
(8, 4, 'PHP', 95, '2018-02-14 05:07:49', '2018-02-14 05:07:49'),
(9, 6, 'HTML', 90, '2018-02-17 00:05:51', '2018-02-17 00:05:51'),
(10, 6, 'CSS3', 80, '2018-02-17 00:06:00', '2018-02-17 00:06:00'),
(11, 6, 'JavaScript', 70, '2018-02-17 00:06:16', '2018-02-17 00:06:16'),
(12, 6, 'PHP', 80, '2018-02-17 00:06:24', '2018-02-17 00:06:24'),
(13, 6, 'MYSQL', 90, '2018-02-17 00:06:38', '2018-02-17 00:06:38');

-- --------------------------------------------------------

--
-- Table structure for table `users`
--

CREATE TABLE `users` (
  `id` int(10) UNSIGNED NOT NULL,
  `name` varchar(191) COLLATE utf8mb4_unicode_ci NOT NULL,
  `email` varchar(191) COLLATE utf8mb4_unicode_ci NOT NULL,
  `password` varchar(191) COLLATE utf8mb4_unicode_ci NOT NULL,
  `image` varchar(191) COLLATE utf8mb4_unicode_ci DEFAULT NULL,
  `attempt` int(11) NOT NULL DEFAULT '0',
  `last_attempt` varchar(191) COLLATE utf8mb4_unicode_ci DEFAULT NULL,
  `total_short_time_attempt` int(11) NOT NULL DEFAULT '0',
  `status` enum('Active','Inactive','Suspended','Unverified') COLLATE utf8mb4_unicode_ci NOT NULL,
  `token` varchar(191) COLLATE utf8mb4_unicode_ci DEFAULT NULL,
  `deleted_at` timestamp NULL DEFAULT NULL,
  `created_by` int(10) UNSIGNED NOT NULL DEFAULT '0',
  `updated_by` int(10) UNSIGNED DEFAULT NULL,
  `remember_token` varchar(100) COLLATE utf8mb4_unicode_ci DEFAULT NULL,
  `created_at` timestamp NULL DEFAULT NULL,
  `updated_at` timestamp NULL DEFAULT NULL
) ENGINE=InnoDB DEFAULT CHARSET=utf8mb4 COLLATE=utf8mb4_unicode_ci;

--
-- Dumping data for table `users`
--

INSERT INTO `users` (`id`, `name`, `email`, `password`, `image`, `attempt`, `last_attempt`, `total_short_time_attempt`, `status`, `token`, `deleted_at`, `created_by`, `updated_by`, `remember_token`, `created_at`, `updated_at`) VALUES
(1, 'Admin', 'admin@piit.us', '$2y$10$yrRjmxPlrfVpTVTyemvil.fkSHkFwGROeaUcYsJveK2vBlZKDDotC', 'upload/user/z8zu2yrv4ZatBhjsqJVk.jpg', 5, '1518480635', 0, 'Active', NULL, NULL, 0, NULL, 'CZ6ggcOD3dGicTsXYb8Sq87xglc232AKuOEaYbK15ktGemI23E9b34VRJAIR', '2018-01-28 22:49:26', '2018-02-14 02:21:50'),
(2, 'Rejvi Nomani', 'nomani@piit.us', '$2y$10$yrRjmxPlrfVpTVTyemvil.fkSHkFwGROeaUcYsJveK2vBlZKDDotC', 'upload/user/SmvqgatxZBSesy4aQ9aU.jpg', 4, '1520421589', 0, 'Active', NULL, NULL, 0, NULL, 'PjS0uBb8j8l1gMYSeyQrgc353NNjPIGRCGuNHcA3G0F6rVps3Vm1nmwQ7zmF', '2018-01-28 22:49:26', '2018-03-11 23:13:20'),
(3, 'Shawon', 'shawon.piit@gmail.com', '$2y$10$b8weGPXu7SUNSwpopO08teFSMvsq6Iw5Js6AYil4UkUXHMR.OVlcW', NULL, 0, NULL, 0, 'Active', NULL, NULL, 0, NULL, NULL, '2018-01-28 22:49:27', '2018-01-28 22:49:27'),
(4, 'Farhan Monsi', 'info@farhanmonsi.com', '$2y$10$Orl4eqI24pn40gRjREgeAuzcxuvPMX75GneALW.5VVOcdZe2YZeeK', NULL, 0, NULL, 0, 'Active', NULL, NULL, 0, NULL, NULL, '2018-01-28 22:49:27', '2018-01-28 22:49:27'),
(5, 'Hafizur Rahman', 'hafizur@piit.us', '$2y$10$Vw.ndAmrbUoC2iFnw6x6yOGb6tQYzcf4S65SuVB1cEReX5pBjssR6', 'upload/user/vWgbo8IgrQMIRii5FfzS.jpg', 0, NULL, 0, 'Active', 'st0wyLFAlM9LA', '2018-03-09 23:25:07', 0, NULL, NULL, '2018-03-07 05:16:17', '2018-03-09 23:25:07'),
(10, 'Hafizur Rahman', 'hafizur.piit@gmail.com', '$2y$10$9Y2WVFeG9LytTmivsYvqlOResmkA/aUaNa4LV.1nlxSV5TSm9w5vS', 'upload/user/SjaCIqKmRQanqRd7d88M.jpg', 0, NULL, 0, 'Active', NULL, NULL, 0, NULL, 'acYwHSGUkSPjFCxdEHXPMUMvXUCEltwNAyoveareQhUVMIuSPq8GMvqGQ4Dn', '2018-03-09 23:24:31', '2018-03-09 23:24:31'),
(11, 'Nitol', 'nitol@gmail.com', '$2y$10$JjcnkelludKFP5PXk1g/S.yCO7sr/ueeLZmyU1FCV1UspBJkMtQzS', 'upload/user/hzq30YeXeTZz9UlwU0zy.jpg', 0, NULL, 0, 'Active', NULL, NULL, 0, NULL, 'EEACjKmVEKdn0GpR1tjADjKI5XxelWzZhNVOYkcXnak8UATkXXqCzhN4eH3k', '2018-03-11 06:05:58', '2018-03-11 06:05:58'),
(12, 'test', 'test@gmail.com', '$2y$10$pf2u4ucF3zF76T4iFGT1..tCne8RXrqyTNFXYm0i4dzyQu/MUKj6O', 'upload/user/6MgDLSKd4n5hC3amZtAe.png', 0, NULL, 0, 'Active', NULL, NULL, 0, NULL, NULL, '2018-03-13 00:58:40', '2018-03-13 00:58:40');

--
-- Indexes for dumped tables
--

--
-- Indexes for table `districts`
--
ALTER TABLE `districts`
  ADD PRIMARY KEY (`district_id`);

--
-- Indexes for table `divisions`
--
ALTER TABLE `divisions`
  ADD PRIMARY KEY (`division_id`);

--
-- Indexes for table `galleries`
--
ALTER TABLE `galleries`
  ADD PRIMARY KEY (`id`);

--
-- Indexes for table `ip_list`
--
ALTER TABLE `ip_list`
  ADD PRIMARY KEY (`id`);

--
-- Indexes for table `migrations`
--
ALTER TABLE `migrations`
  ADD PRIMARY KEY (`id`);

--
-- Indexes for table `password_resets`
--
ALTER TABLE `password_resets`
  ADD KEY `password_resets_email_index` (`email`);

--
-- Indexes for table `quciklearns`
--
ALTER TABLE `quciklearns`
  ADD PRIMARY KEY (`id`);

--
-- Indexes for table `ratings`
--
ALTER TABLE `ratings`
  ADD PRIMARY KEY (`id`);

--
-- Indexes for table `subdistricts`
--
ALTER TABLE `subdistricts`
  ADD PRIMARY KEY (`subdist_id`);

--
-- Indexes for table `teachers`
--
ALTER TABLE `teachers`
  ADD PRIMARY KEY (`id`);

--
-- Indexes for table `teacher_educations`
--
ALTER TABLE `teacher_educations`
  ADD PRIMARY KEY (`id`),
  ADD KEY `teacher_educations_teacher_id_foreign` (`teacher_id`);

--
-- Indexes for table `teacher_skills`
--
ALTER TABLE `teacher_skills`
  ADD PRIMARY KEY (`id`),
  ADD KEY `teacher_skills_teacher_id_foreign` (`teacher_id`);

--
-- Indexes for table `users`
--
ALTER TABLE `users`
  ADD PRIMARY KEY (`id`),
  ADD UNIQUE KEY `users_email_unique` (`email`);

--
-- AUTO_INCREMENT for dumped tables
--

--
-- AUTO_INCREMENT for table `districts`
--
ALTER TABLE `districts`
  MODIFY `district_id` int(10) UNSIGNED NOT NULL AUTO_INCREMENT, AUTO_INCREMENT=70;

--
-- AUTO_INCREMENT for table `divisions`
--
ALTER TABLE `divisions`
  MODIFY `division_id` int(10) UNSIGNED NOT NULL AUTO_INCREMENT, AUTO_INCREMENT=8;

--
-- AUTO_INCREMENT for table `galleries`
--
ALTER TABLE `galleries`
  MODIFY `id` int(10) UNSIGNED NOT NULL AUTO_INCREMENT, AUTO_INCREMENT=11;

--
-- AUTO_INCREMENT for table `ip_list`
--
ALTER TABLE `ip_list`
  MODIFY `id` int(10) UNSIGNED NOT NULL AUTO_INCREMENT, AUTO_INCREMENT=2;

--
-- AUTO_INCREMENT for table `migrations`
--
ALTER TABLE `migrations`
  MODIFY `id` int(10) UNSIGNED NOT NULL AUTO_INCREMENT, AUTO_INCREMENT=25;

--
-- AUTO_INCREMENT for table `quciklearns`
--
ALTER TABLE `quciklearns`
  MODIFY `id` int(10) UNSIGNED NOT NULL AUTO_INCREMENT, AUTO_INCREMENT=3;

--
-- AUTO_INCREMENT for table `ratings`
--
ALTER TABLE `ratings`
  MODIFY `id` int(10) UNSIGNED NOT NULL AUTO_INCREMENT, AUTO_INCREMENT=30;

--
-- AUTO_INCREMENT for table `subdistricts`
--
ALTER TABLE `subdistricts`
  MODIFY `subdist_id` int(10) UNSIGNED NOT NULL AUTO_INCREMENT, AUTO_INCREMENT=582;

--
-- AUTO_INCREMENT for table `teachers`
--
ALTER TABLE `teachers`
  MODIFY `id` int(10) UNSIGNED NOT NULL AUTO_INCREMENT, AUTO_INCREMENT=7;

--
-- AUTO_INCREMENT for table `teacher_educations`
--
ALTER TABLE `teacher_educations`
  MODIFY `id` int(10) UNSIGNED NOT NULL AUTO_INCREMENT, AUTO_INCREMENT=8;

--
-- AUTO_INCREMENT for table `teacher_skills`
--
ALTER TABLE `teacher_skills`
  MODIFY `id` int(10) UNSIGNED NOT NULL AUTO_INCREMENT, AUTO_INCREMENT=14;

--
-- AUTO_INCREMENT for table `users`
--
ALTER TABLE `users`
  MODIFY `id` int(10) UNSIGNED NOT NULL AUTO_INCREMENT, AUTO_INCREMENT=13;

--
-- Constraints for dumped tables
--

--
-- Constraints for table `teacher_educations`
--
ALTER TABLE `teacher_educations`
  ADD CONSTRAINT `teacher_educations_teacher_id_foreign` FOREIGN KEY (`teacher_id`) REFERENCES `teachers` (`id`);

--
-- Constraints for table `teacher_skills`
--
ALTER TABLE `teacher_skills`
  ADD CONSTRAINT `teacher_skills_teacher_id_foreign` FOREIGN KEY (`teacher_id`) REFERENCES `teachers` (`id`);
COMMIT;

/*!40101 SET CHARACTER_SET_CLIENT=@OLD_CHARACTER_SET_CLIENT */;
/*!40101 SET CHARACTER_SET_RESULTS=@OLD_CHARACTER_SET_RESULTS */;
/*!40101 SET COLLATION_CONNECTION=@OLD_COLLATION_CONNECTION */;
